#
# There is insufficient memory for the Java Runtime Environment to continue.
# Native memory allocation (malloc) failed to allocate 2572256 bytes. Error detail: Chunk::new
# Possible reasons:
#   The system is out of physical RAM or swap space
#   This process is running with CompressedOops enabled, and the Java Heap may be blocking the growth of the native heap
# Possible solutions:
#   Reduce memory load on the system
#   Increase physical memory or swap space
#   Check if swap backing store is full
#   Decrease Java heap size (-Xmx/-Xms)
#   Decrease number of Java threads
#   Decrease Java thread stack sizes (-Xss)
#   Set larger code cache with -XX:ReservedCodeCacheSize=
#   JVM is running with Zero Based Compressed Oops mode in which the Java heap is
#     placed in the first 32GB address space. The Java Heap base address is the
#     maximum limit for the native heap growth. Please use -XX:HeapBaseMinAddress
#     to set the Java Heap base and to place the Java Heap above 32GB virtual address.
# This output file may be truncated or incomplete.
#
#  Out of Memory Error (arena.cpp:168), pid=39256, tid=38784
#
# JRE version: OpenJDK Runtime Environment (21.0.8) (build 21.0.8+-14018985-b1038.68)
# Java VM: OpenJDK 64-Bit Server VM (21.0.8+-14018985-b1038.68, mixed mode, tiered, compressed oops, compressed class ptrs, g1 gc, windows-amd64)
# No core dump will be written. Minidumps are not enabled by default on client versions of Windows
#

---------------  S U M M A R Y ------------

Command Line: --add-opens=java.base/java.util=ALL-UNNAMED --add-opens=java.base/java.lang=ALL-UNNAMED --add-opens=java.base/java.lang.invoke=ALL-UNNAMED --add-opens=java.prefs/java.util.prefs=ALL-UNNAMED --add-exports=jdk.compiler/com.sun.tools.javac.api=ALL-UNNAMED --add-exports=jdk.compiler/com.sun.tools.javac.util=ALL-UNNAMED --add-opens=java.base/java.nio.charset=ALL-UNNAMED --add-opens=java.base/java.net=ALL-UNNAMED --add-opens=java.base/java.util.concurrent.atomic=ALL-UNNAMED -Xmx8192m -Dfile.encoding=UTF-8 -Duser.country=PE -Duser.language=es -Duser.variant -javaagent:C:\Users\JorgeTerrones\.gradle\wrapper\dists\gradle-8.10.2-bin\a04bxjujx95o3nb99gddekhwo\gradle-8.10.2\lib\agents\gradle-instrumentation-agent-8.10.2.jar org.gradle.launcher.daemon.bootstrap.GradleDaemon 8.10.2

Host: Intel(R) Core(TM) Ultra 7 155U, 14 cores, 31G,  Windows 11 , 64 bit Build 26100 (10.0.26100.7309)
Time: Mon Dec 22 19:01:22 2025 Hora est. Pacífico, Sudamérica elapsed time: 805.897832 seconds (0d 0h 13m 25s)

---------------  T H R E A D  ---------------

Current thread (0x0000021bdccda6d0):  JavaThread "C2 CompilerThread0" daemon [_thread_in_native, id=38784, stack(0x0000003e64000000,0x0000003e64100000) (1024K)]


Current CompileTask:
C2:805897 40161 %     4       com.android.tools.r8.internal.CQ::a @ 14 (1862 bytes)

Stack: [0x0000003e64000000,0x0000003e64100000]
Native frames: (J=compiled Java code, j=interpreted, Vv=VM code, C=native code)
V  [jvm.dll+0x6d68d9]
V  [jvm.dll+0x866693]
V  [jvm.dll+0x868c4e]
V  [jvm.dll+0x869333]
V  [jvm.dll+0x280566]
V  [jvm.dll+0xc07cd]
V  [jvm.dll+0xc0d03]
V  [jvm.dll+0x3b961b]
V  [jvm.dll+0x385507]
V  [jvm.dll+0x38497a]
V  [jvm.dll+0x249252]
V  [jvm.dll+0x248821]
V  [jvm.dll+0x1c73a4]
V  [jvm.dll+0x257f9e]
V  [jvm.dll+0x2564e6]
V  [jvm.dll+0x3f4696]
V  [jvm.dll+0x80eac8]
V  [jvm.dll+0x6d512d]
C  [ucrtbase.dll+0x37b0]
C  [KERNEL32.DLL+0x2e8d7]
C  [ntdll.dll+0x8c53c]


---------------  P R O C E S S  ---------------

Threads class SMR info:
_java_thread_list=0x0000021be336a460, length=211, elements={
0x0000021bbd532b60, 0x0000021bdcc82ef0, 0x0000021bdcc8af20, 0x0000021bdcc89e90,
0x0000021bdcc884c0, 0x0000021bdccb1cb0, 0x0000021bdccb6330, 0x0000021bdccb6c20,
0x0000021bdccda6d0, 0x0000021bdccfad90, 0x0000021be10534b0, 0x0000021be29cbb60,
0x0000021be2c647a0, 0x0000021be2f5f630, 0x0000021be2cb06a0, 0x0000021be2cb0010,
0x0000021be2cad220, 0x0000021be5b93800, 0x0000021be5b93e90, 0x0000021be5b94bb0,
0x0000021be5b958d0, 0x0000021be5b92450, 0x0000021be5b965f0, 0x0000021be7e53370,
0x0000021be7e53a00, 0x0000021be7e51930, 0x0000021be7e512a0, 0x0000021be7e54db0,
0x0000021be73df490, 0x0000021bee9602e0, 0x0000021bee963760, 0x0000021bee964480,
0x0000021bee963df0, 0x0000021bee960970, 0x0000021bee962a40, 0x0000021bee964b10,
0x0000021be3439960, 0x0000021be73dee00, 0x0000021bee9071c0, 0x0000021bee908c00,
0x0000021bee9115d0, 0x0000021bee915770, 0x0000021bee915e00, 0x0000021bee9143c0,
0x0000021be34385b0, 0x0000021be3434410, 0x0000021bee9150e0, 0x0000021be73db2f0,
0x0000021bf540ad30, 0x0000021bf540c0e0, 0x0000021bf540ba50, 0x0000021bf540a010,
0x0000021bf5408c60, 0x0000021bf54092f0, 0x0000021bee90fb90, 0x0000021bf540c770,
0x0000021bf540ce00, 0x0000021bf5409980, 0x0000021bf540d490, 0x0000021bf540db20,
0x0000021bf540a6a0, 0x0000021bf540b3c0, 0x0000021bf540f560, 0x0000021bf5410280,
0x0000021bf540fbf0, 0x0000021bf5410fa0, 0x0000021bf5411630, 0x0000021bf540e840,
0x0000021bf540e1b0, 0x0000021bf5410910, 0x0000021bf5411cc0, 0x0000021bf5412350,
0x0000021bf540eed0, 0x0000021bf5415140, 0x0000021bf54157d0, 0x0000021bf5414420,
0x0000021bf54129e0, 0x0000021bf54164f0, 0x0000021bf5413070, 0x0000021bf5414ab0,
0x0000021bf5416b80, 0x0000021bf5413700, 0x0000021bf5417210, 0x0000021bf5413d90,
0x0000021bf54178a0, 0x0000021bf5417f30, 0x0000021bee907850, 0x0000021bee908570,
0x0000021bee907ee0, 0x0000021bee909fb0, 0x0000021bee909290, 0x0000021bee906b30,
0x0000021bee90c080, 0x0000021bee90d430, 0x0000021bee90c710, 0x0000021bee90dac0,
0x0000021bee90a640, 0x0000021bee90e150, 0x0000021bee90acd0, 0x0000021bee90b360,
0x0000021bee90ee70, 0x0000021bee911c60, 0x0000021bee9122f0, 0x0000021bee912980,
0x0000021bee913010, 0x0000021bee913d30, 0x0000021bee9136a0, 0x0000021bee9108b0,
0x0000021bee910f40, 0x0000021bee914a50, 0x0000021bee961000, 0x0000021bee961690,
0x0000021bee9623b0, 0x0000021bee95f5c0, 0x0000021bee9630d0, 0x0000021bee967f90,
0x0000021bee9651a0, 0x0000021bee968cb0, 0x0000021bee967270, 0x0000021bee965830,
0x0000021bee967900, 0x0000021bee969340, 0x0000021bee968620, 0x0000021bee965ec0,
0x0000021bee9699d0, 0x0000021bee966550, 0x0000021bee96a060, 0x0000021bee966be0,
0x0000021bee96d4e0, 0x0000021bee96baa0, 0x0000021bee96db70, 0x0000021bee96ce50,
0x0000021bee96c130, 0x0000021bee96ad80, 0x0000021bee96c7c0, 0x0000021bee96a6f0,
0x0000021bee96e200, 0x0000021bf0292340, 0x0000021bf02929d0, 0x0000021bf028f550,
0x0000021bf0294410, 0x0000021bf02936f0, 0x0000021bf0277220, 0x0000021bf0277f40,
0x0000021bf02778b0, 0x0000021bf02785d0, 0x0000021bf0276500, 0x0000021bf0275150,
0x0000021bf0278c60, 0x0000021bf02757e0, 0x0000021bf02792f0, 0x0000021bf0275e70,
0x0000021bf027ce00, 0x0000021bf0279980, 0x0000021bf027c0e0, 0x0000021bf027ad30,
0x0000021bf027c770, 0x0000021bf027a010, 0x0000021bf027b3c0, 0x0000021bf027d490,
0x0000021bf027a6a0, 0x0000021bf027e840, 0x0000021bf027eed0, 0x0000021bf027db20,
0x0000021bf027ba50, 0x0000021bf027fbf0, 0x0000021bf0280910, 0x0000021bf0283070,
0x0000021bf0283700, 0x0000021bf02829e0, 0x0000021bf0280280, 0x0000021bf0283d90,
0x0000021bf0284420, 0x0000021bf0280fa0, 0x0000021bf0284ab0, 0x0000021bf0281630,
0x0000021bf02885c0, 0x0000021bf0288c50, 0x0000021bf02857d0, 0x0000021bf028a000,
0x0000021bf0286b80, 0x0000021bf028cdf0, 0x0000021bf028ba40, 0x0000021bf028c760,
0x0000021bf028a690, 0x0000021be7a1d320, 0x0000021be7a1d9b0, 0x0000021be7a1a530,
0x0000021be7a1cc90, 0x0000021be7a1abc0, 0x0000021be7a1e040, 0x0000021be7a1b250,
0x0000021be7a1b8e0, 0x0000021be7a1f3f0, 0x0000021be7a1bf70, 0x0000021be7a1e6d0,
0x0000021be7a1c600, 0x0000021be7a1ed60, 0x0000021be7a20e30, 0x0000021be7a20110,
0x0000021be4b3cf90, 0x0000021be4b3d660, 0x0000021bf02892e0, 0x0000021bf028db10,
0x0000021bf028eec0, 0x0000021be753a0a0, 0x0000021be753adc0, 0x0000021be753d520,
0x0000021be753c170, 0x0000021be753dbb0, 0x0000021be753e240
}

Java Threads: ( => current thread )
  0x0000021bbd532b60 JavaThread "main"                              [_thread_blocked, id=5180, stack(0x0000003e63100000,0x0000003e63200000) (1024K)]
  0x0000021bdcc82ef0 JavaThread "Common-Cleaner"             daemon [_thread_blocked, id=36424, stack(0x0000003e63900000,0x0000003e63a00000) (1024K)]
  0x0000021bdcc8af20 JavaThread "Reference Handler"          daemon [_thread_blocked, id=27948, stack(0x0000003e63a00000,0x0000003e63b00000) (1024K)]
  0x0000021bdcc89e90 JavaThread "Finalizer"                  daemon [_thread_blocked, id=18048, stack(0x0000003e63b00000,0x0000003e63c00000) (1024K)]
  0x0000021bdcc884c0 JavaThread "Signal Dispatcher"          daemon [_thread_blocked, id=37032, stack(0x0000003e63c00000,0x0000003e63d00000) (1024K)]
  0x0000021bdccb1cb0 JavaThread "Attach Listener"            daemon [_thread_blocked, id=31104, stack(0x0000003e63d00000,0x0000003e63e00000) (1024K)]
  0x0000021bdccb6330 JavaThread "Service Thread"             daemon [_thread_blocked, id=17432, stack(0x0000003e63e00000,0x0000003e63f00000) (1024K)]
  0x0000021bdccb6c20 JavaThread "Monitor Deflation Thread"   daemon [_thread_blocked, id=27988, stack(0x0000003e63f00000,0x0000003e64000000) (1024K)]
=>0x0000021bdccda6d0 JavaThread "C2 CompilerThread0"         daemon [_thread_in_native, id=38784, stack(0x0000003e64000000,0x0000003e64100000) (1024K)]
  0x0000021bdccfad90 JavaThread "C1 CompilerThread0"         daemon [_thread_blocked, id=15424, stack(0x0000003e64100000,0x0000003e64200000) (1024K)]
  0x0000021be10534b0 JavaThread "Notification Thread"        daemon [_thread_blocked, id=25048, stack(0x0000003e64200000,0x0000003e64300000) (1024K)]
  0x0000021be29cbb60 JavaThread "Daemon health stats"               [_thread_blocked, id=42160, stack(0x0000003e64400000,0x0000003e64500000) (1024K)]
  0x0000021be2c647a0 JavaThread "Incoming local TCP Connector on port 62004"        [_thread_in_native, id=36012, stack(0x0000003e64f00000,0x0000003e65000000) (1024K)]
  0x0000021be2f5f630 JavaThread "Daemon periodic checks"            [_thread_blocked, id=6096, stack(0x0000003e65000000,0x0000003e65100000) (1024K)]
  0x0000021be2cb06a0 JavaThread "Cache worker for journal cache (C:\Users\JorgeTerrones\.gradle\caches\journal-1)"        [_thread_blocked, id=33868, stack(0x0000003e65a00000,0x0000003e65b00000) (1024K)]
  0x0000021be2cb0010 JavaThread "File lock request listener"        [_thread_in_native, id=27480, stack(0x0000003e65b00000,0x0000003e65c00000) (1024K)]
  0x0000021be2cad220 JavaThread "Cache worker for file hash cache (C:\Users\JorgeTerrones\.gradle\caches\8.10.2\fileHashes)"        [_thread_blocked, id=42336, stack(0x0000003e65c00000,0x0000003e65d00000) (1024K)]
  0x0000021be5b93800 JavaThread "File watcher server"        daemon [_thread_in_native, id=36712, stack(0x0000003e66000000,0x0000003e66100000) (1024K)]
  0x0000021be5b93e90 JavaThread "File watcher consumer"      daemon [_thread_blocked, id=29584, stack(0x0000003e66100000,0x0000003e66200000) (1024K)]
  0x0000021be5b94bb0 JavaThread "Cache worker for file content cache (C:\Users\JorgeTerrones\.gradle\caches\8.10.2\fileContent)"        [_thread_blocked, id=9292, stack(0x0000003e66300000,0x0000003e66400000) (1024K)]
  0x0000021be5b958d0 JavaThread "jar transforms"                    [_thread_blocked, id=33316, stack(0x0000003e66600000,0x0000003e66700000) (1024K)]
  0x0000021be5b92450 JavaThread "jar transforms Thread 2"           [_thread_blocked, id=8116, stack(0x0000003e66700000,0x0000003e66800000) (1024K)]
  0x0000021be5b965f0 JavaThread "jar transforms Thread 3"           [_thread_blocked, id=41508, stack(0x0000003e66800000,0x0000003e66900000) (1024K)]
  0x0000021be7e53370 JavaThread "jar transforms Thread 4"           [_thread_blocked, id=32008, stack(0x0000003e67100000,0x0000003e67200000) (1024K)]
  0x0000021be7e53a00 JavaThread "jar transforms Thread 5"           [_thread_blocked, id=39240, stack(0x0000003e67200000,0x0000003e67300000) (1024K)]
  0x0000021be7e51930 JavaThread "jar transforms Thread 6"           [_thread_blocked, id=30372, stack(0x0000003e67700000,0x0000003e67800000) (1024K)]
  0x0000021be7e512a0 JavaThread "jar transforms Thread 7"           [_thread_blocked, id=40448, stack(0x0000003e67800000,0x0000003e67900000) (1024K)]
  0x0000021be7e54db0 JavaThread "jar transforms Thread 8"           [_thread_blocked, id=13688, stack(0x0000003e67900000,0x0000003e67a00000) (1024K)]
  0x0000021be73df490 JavaThread "Memory manager"                    [_thread_blocked, id=39736, stack(0x0000003e65d00000,0x0000003e65e00000) (1024K)]
  0x0000021bee9602e0 JavaThread "RMI Scheduler(0)"           daemon [_thread_blocked, id=42312, stack(0x0000003e6a100000,0x0000003e6a200000) (1024K)]
  0x0000021bee963760 JavaThread "RMI GC Daemon"              daemon [_thread_blocked, id=19272, stack(0x0000003e70d00000,0x0000003e70e00000) (1024K)]
  0x0000021bee964480 JavaThread "RMI TCP Accept-0"           daemon [_thread_in_native, id=4196, stack(0x0000003e70e00000,0x0000003e70f00000) (1024K)]
  0x0000021bee963df0 JavaThread "RMI Reaper"                        [_thread_blocked, id=31644, stack(0x0000003e70f00000,0x0000003e71000000) (1024K)]
  0x0000021bee960970 JavaThread "Cache worker for Java compile cache (C:\Users\JorgeTerrones\.gradle\caches\8.10.2\javaCompile)"        [_thread_blocked, id=14516, stack(0x0000003e71600000,0x0000003e71700000) (1024K)]
  0x0000021bee962a40 JavaThread "Daemon Thread 3"                   [_thread_blocked, id=32732, stack(0x0000003e62e00000,0x0000003e62f00000) (1024K)]
  0x0000021bee964b10 JavaThread "Daemon worker Thread 3"            [_thread_blocked, id=30516, stack(0x0000003e64300000,0x0000003e64400000) (1024K)]
  0x0000021be3439960 JavaThread "included builds"                   [_thread_blocked, id=42456, stack(0x0000003e69000000,0x0000003e69100000) (1024K)]
  0x0000021be73dee00 JavaThread "RMI TCP Connection(idle)"   daemon [_thread_blocked, id=37412, stack(0x0000003e6de00000,0x0000003e6df00000) (1024K)]
  0x0000021bee9071c0 JavaThread "RMI TCP Connection(idle)"   daemon [_thread_blocked, id=41052, stack(0x0000003e6ed00000,0x0000003e6ee00000) (1024K)]
  0x0000021bee908c00 JavaThread "RMI TCP Connection(idle)"   daemon [_thread_blocked, id=42856, stack(0x0000003e6ee00000,0x0000003e6ef00000) (1024K)]
  0x0000021bee9115d0 JavaThread "ForkJoinPool.commonPool-worker-27" daemon [_thread_blocked, id=34288, stack(0x0000003e70800000,0x0000003e70900000) (1024K)]
  0x0000021bee915770 JavaThread "ForkJoinPool.commonPool-worker-28" daemon [_thread_blocked, id=18484, stack(0x0000003e70900000,0x0000003e70a00000) (1024K)]
  0x0000021bee915e00 JavaThread "ForkJoinPool.commonPool-worker-29" daemon [_thread_blocked, id=39860, stack(0x0000003e70a00000,0x0000003e70b00000) (1024K)]
  0x0000021bee9143c0 JavaThread "ForkJoinPool.commonPool-worker-30" daemon [_thread_blocked, id=2380, stack(0x0000003e70b00000,0x0000003e70c00000) (1024K)]
  0x0000021be34385b0 JavaThread "ForkJoinPool.commonPool-worker-31" daemon [_thread_blocked, id=35444, stack(0x0000003e70c00000,0x0000003e70d00000) (1024K)]
  0x0000021be3434410 JavaThread "ForkJoinPool.commonPool-worker-32" daemon [_thread_blocked, id=9284, stack(0x0000003e71000000,0x0000003e71100000) (1024K)]
  0x0000021bee9150e0 JavaThread "ForkJoinPool.commonPool-worker-33" daemon [_thread_blocked, id=5956, stack(0x0000003e71100000,0x0000003e71200000) (1024K)]
  0x0000021be73db2f0 JavaThread "ForkJoinPool.commonPool-worker-34" daemon [_thread_blocked, id=37788, stack(0x0000003e71200000,0x0000003e71300000) (1024K)]
  0x0000021bf540ad30 JavaThread "ForkJoinPool.commonPool-worker-35" daemon [_thread_blocked, id=26308, stack(0x0000003e71300000,0x0000003e71400000) (1024K)]
  0x0000021bf540c0e0 JavaThread "ForkJoinPool.commonPool-worker-36" daemon [_thread_blocked, id=36904, stack(0x0000003e71400000,0x0000003e71500000) (1024K)]
  0x0000021bf540ba50 JavaThread "ForkJoinPool.commonPool-worker-37" daemon [_thread_blocked, id=12588, stack(0x0000003e71500000,0x0000003e71600000) (1024K)]
  0x0000021bf540a010 JavaThread "ForkJoinPool.commonPool-worker-38" daemon [_thread_blocked, id=42092, stack(0x0000003e71700000,0x0000003e71800000) (1024K)]
  0x0000021bf5408c60 JavaThread "ForkJoinPool.commonPool-worker-39" daemon [_thread_blocked, id=34604, stack(0x0000003e71800000,0x0000003e71900000) (1024K)]
  0x0000021bf54092f0 JavaThread "VFS cleanup Thread 3"              [_thread_blocked, id=39908, stack(0x0000003e65100000,0x0000003e65200000) (1024K)]
  0x0000021bee90fb90 JavaThread "included builds"                   [_thread_blocked, id=19844, stack(0x0000003e69200000,0x0000003e69300000) (1024K)]
  0x0000021bf540c770 JavaThread "Handler for socket connection from /127.0.0.1:62004 to /127.0.0.1:51300"        [_thread_in_native, id=38212, stack(0x0000003e62f00000,0x0000003e63000000) (1024K)]
  0x0000021bf540ce00 JavaThread "Cancel handler"                    [_thread_blocked, id=36156, stack(0x0000003e63000000,0x0000003e63100000) (1024K)]
  0x0000021bf5409980 JavaThread "Asynchronous log dispatcher for DefaultDaemonConnection: socket connection from /127.0.0.1:62004 to /127.0.0.1:51300"        [_thread_blocked, id=33388, stack(0x0000003e65200000,0x0000003e65300000) (1024K)]
  0x0000021bf540d490 JavaThread "Stdin handler"                     [_thread_blocked, id=26448, stack(0x0000003e65300000,0x0000003e65400000) (1024K)]
  0x0000021bf540db20 JavaThread "Daemon client event forwarder"        [_thread_blocked, id=42372, stack(0x0000003e65400000,0x0000003e65500000) (1024K)]
  0x0000021bf540a6a0 JavaThread "Cache worker for file hash cache (C:\Users\JorgeTerrones\Documents\GitHub\readsms\.gradle\8.10.2\fileHashes)"        [_thread_blocked, id=42416, stack(0x0000003e65700000,0x0000003e65800000) (1024K)]
  0x0000021bf540b3c0 JavaThread "Cache worker for Build Output Cleanup Cache (C:\Users\JorgeTerrones\Documents\GitHub\readsms\.gradle\buildOutputCleanup)"        [_thread_blocked, id=28712, stack(0x0000003e65e00000,0x0000003e65f00000) (1024K)]
  0x0000021bf540f560 JavaThread "Cache worker for checksums cache (C:\Users\JorgeTerrones\Documents\GitHub\readsms\.gradle\8.10.2\checksums)"        [_thread_blocked, id=37908, stack(0x0000003e65f00000,0x0000003e66000000) (1024K)]
  0x0000021bf5410280 JavaThread "Cache worker for cache directory md-rule (C:\Users\JorgeTerrones\.gradle\caches\8.10.2\md-rule)"        [_thread_blocked, id=8468, stack(0x0000003e66200000,0x0000003e66300000) (1024K)]
  0x0000021bf540fbf0 JavaThread "Cache worker for cache directory md-supplier (C:\Users\JorgeTerrones\.gradle\caches\8.10.2\md-supplier)"        [_thread_blocked, id=31912, stack(0x0000003e66400000,0x0000003e66500000) (1024K)]
  0x0000021bf5410fa0 JavaThread "Unconstrained build operations"        [_thread_blocked, id=31568, stack(0x0000003e66500000,0x0000003e66600000) (1024K)]
  0x0000021bf5411630 JavaThread "Unconstrained build operations Thread 2"        [_thread_blocked, id=39616, stack(0x0000003e66900000,0x0000003e66a00000) (1024K)]
  0x0000021bf540e840 JavaThread "Unconstrained build operations Thread 3"        [_thread_blocked, id=36744, stack(0x0000003e66a00000,0x0000003e66b00000) (1024K)]
  0x0000021bf540e1b0 JavaThread "Unconstrained build operations Thread 4"        [_thread_blocked, id=32908, stack(0x0000003e66b00000,0x0000003e66c00000) (1024K)]
  0x0000021bf5410910 JavaThread "Unconstrained build operations Thread 5"        [_thread_blocked, id=35548, stack(0x0000003e66c00000,0x0000003e66d00000) (1024K)]
  0x0000021bf5411cc0 JavaThread "Unconstrained build operations Thread 6"        [_thread_blocked, id=38480, stack(0x0000003e66d00000,0x0000003e66e00000) (1024K)]
  0x0000021bf5412350 JavaThread "Unconstrained build operations Thread 7"        [_thread_blocked, id=12792, stack(0x0000003e66e00000,0x0000003e66f00000) (1024K)]
  0x0000021bf540eed0 JavaThread "Unconstrained build operations Thread 8"        [_thread_blocked, id=41820, stack(0x0000003e66f00000,0x0000003e67000000) (1024K)]
  0x0000021bf5415140 JavaThread "Unconstrained build operations Thread 9"        [_thread_blocked, id=40156, stack(0x0000003e67000000,0x0000003e67100000) (1024K)]
  0x0000021bf54157d0 JavaThread "Unconstrained build operations Thread 10"        [_thread_blocked, id=25752, stack(0x0000003e67300000,0x0000003e67400000) (1024K)]
  0x0000021bf5414420 JavaThread "Unconstrained build operations Thread 11"        [_thread_blocked, id=26192, stack(0x0000003e67400000,0x0000003e67500000) (1024K)]
  0x0000021bf54129e0 JavaThread "Unconstrained build operations Thread 12"        [_thread_blocked, id=29704, stack(0x0000003e67500000,0x0000003e67600000) (1024K)]
  0x0000021bf54164f0 JavaThread "Unconstrained build operations Thread 13"        [_thread_blocked, id=37116, stack(0x0000003e67600000,0x0000003e67700000) (1024K)]
  0x0000021bf5413070 JavaThread "Unconstrained build operations Thread 14"        [_thread_blocked, id=29408, stack(0x0000003e67a00000,0x0000003e67b00000) (1024K)]
  0x0000021bf5414ab0 JavaThread "Unconstrained build operations Thread 15"        [_thread_blocked, id=27472, stack(0x0000003e67b00000,0x0000003e67c00000) (1024K)]
  0x0000021bf5416b80 JavaThread "Unconstrained build operations Thread 16"        [_thread_blocked, id=32368, stack(0x0000003e67c00000,0x0000003e67d00000) (1024K)]
  0x0000021bf5413700 JavaThread "Unconstrained build operations Thread 17"        [_thread_blocked, id=26036, stack(0x0000003e67d00000,0x0000003e67e00000) (1024K)]
  0x0000021bf5417210 JavaThread "Unconstrained build operations Thread 18"        [_thread_blocked, id=37912, stack(0x0000003e67e00000,0x0000003e67f00000) (1024K)]
  0x0000021bf5413d90 JavaThread "Unconstrained build operations Thread 19"        [_thread_blocked, id=26396, stack(0x0000003e67f00000,0x0000003e68000000) (1024K)]
  0x0000021bf54178a0 JavaThread "Unconstrained build operations Thread 20"        [_thread_blocked, id=32200, stack(0x0000003e68000000,0x0000003e68100000) (1024K)]
  0x0000021bf5417f30 JavaThread "Unconstrained build operations Thread 21"        [_thread_blocked, id=41040, stack(0x0000003e68100000,0x0000003e68200000) (1024K)]
  0x0000021bee907850 JavaThread "Unconstrained build operations Thread 22"        [_thread_blocked, id=27972, stack(0x0000003e68200000,0x0000003e68300000) (1024K)]
  0x0000021bee908570 JavaThread "Unconstrained build operations Thread 23"        [_thread_blocked, id=38020, stack(0x0000003e68300000,0x0000003e68400000) (1024K)]
  0x0000021bee907ee0 JavaThread "Unconstrained build operations Thread 24"        [_thread_blocked, id=17556, stack(0x0000003e68400000,0x0000003e68500000) (1024K)]
  0x0000021bee909fb0 JavaThread "Unconstrained build operations Thread 25"        [_thread_blocked, id=26660, stack(0x0000003e68500000,0x0000003e68600000) (1024K)]
  0x0000021bee909290 JavaThread "Unconstrained build operations Thread 26"        [_thread_blocked, id=31580, stack(0x0000003e68600000,0x0000003e68700000) (1024K)]
  0x0000021bee906b30 JavaThread "Unconstrained build operations Thread 27"        [_thread_blocked, id=1580, stack(0x0000003e68700000,0x0000003e68800000) (1024K)]
  0x0000021bee90c080 JavaThread "Unconstrained build operations Thread 28"        [_thread_blocked, id=20564, stack(0x0000003e68800000,0x0000003e68900000) (1024K)]
  0x0000021bee90d430 JavaThread "Unconstrained build operations Thread 29"        [_thread_blocked, id=5772, stack(0x0000003e68900000,0x0000003e68a00000) (1024K)]
  0x0000021bee90c710 JavaThread "Unconstrained build operations Thread 30"        [_thread_blocked, id=40220, stack(0x0000003e68a00000,0x0000003e68b00000) (1024K)]
  0x0000021bee90dac0 JavaThread "Unconstrained build operations Thread 31"        [_thread_blocked, id=25948, stack(0x0000003e68b00000,0x0000003e68c00000) (1024K)]
  0x0000021bee90a640 JavaThread "Unconstrained build operations Thread 32"        [_thread_blocked, id=5424, stack(0x0000003e68c00000,0x0000003e68d00000) (1024K)]
  0x0000021bee90e150 JavaThread "Unconstrained build operations Thread 33"        [_thread_blocked, id=1672, stack(0x0000003e68d00000,0x0000003e68e00000) (1024K)]
  0x0000021bee90acd0 JavaThread "Unconstrained build operations Thread 34"        [_thread_blocked, id=32080, stack(0x0000003e68e00000,0x0000003e68f00000) (1024K)]
  0x0000021bee90b360 JavaThread "build event listener"              [_thread_blocked, id=9680, stack(0x0000003e68f00000,0x0000003e69000000) (1024K)]
  0x0000021bee90ee70 JavaThread "build event listener"              [_thread_blocked, id=40912, stack(0x0000003e69100000,0x0000003e69200000) (1024K)]
  0x0000021bee911c60 JavaThread "included builds"                   [_thread_blocked, id=6608, stack(0x0000003e69300000,0x0000003e69400000) (1024K)]
  0x0000021bee9122f0 JavaThread "Execution worker"                  [_thread_blocked, id=40440, stack(0x0000003e69400000,0x0000003e69500000) (1024K)]
  0x0000021bee912980 JavaThread "Execution worker Thread 2"         [_thread_blocked, id=27836, stack(0x0000003e69500000,0x0000003e69600000) (1024K)]
  0x0000021bee913010 JavaThread "Execution worker Thread 3"         [_thread_blocked, id=20752, stack(0x0000003e69600000,0x0000003e69700000) (1024K)]
  0x0000021bee913d30 JavaThread "Execution worker Thread 4"         [_thread_blocked, id=30452, stack(0x0000003e69700000,0x0000003e69800000) (1024K)]
  0x0000021bee9136a0 JavaThread "Execution worker Thread 5"         [_thread_blocked, id=16976, stack(0x0000003e69800000,0x0000003e69900000) (1024K)]
  0x0000021bee9108b0 JavaThread "Execution worker Thread 6"         [_thread_blocked, id=20960, stack(0x0000003e69900000,0x0000003e69a00000) (1024K)]
  0x0000021bee910f40 JavaThread "Execution worker Thread 7"         [_thread_blocked, id=16092, stack(0x0000003e69a00000,0x0000003e69b00000) (1024K)]
  0x0000021bee914a50 JavaThread "Execution worker Thread 8"         [_thread_blocked, id=18620, stack(0x0000003e69b00000,0x0000003e69c00000) (1024K)]
  0x0000021bee961000 JavaThread "Execution worker Thread 9"         [_thread_blocked, id=42440, stack(0x0000003e69c00000,0x0000003e69d00000) (1024K)]
  0x0000021bee961690 JavaThread "Execution worker Thread 10"        [_thread_blocked, id=21848, stack(0x0000003e69d00000,0x0000003e69e00000) (1024K)]
  0x0000021bee9623b0 JavaThread "Execution worker Thread 11"        [_thread_blocked, id=29840, stack(0x0000003e69e00000,0x0000003e69f00000) (1024K)]
  0x0000021bee95f5c0 JavaThread "Execution worker Thread 12"        [_thread_blocked, id=34748, stack(0x0000003e69f00000,0x0000003e6a000000) (1024K)]
  0x0000021bee9630d0 JavaThread "Execution worker Thread 13"        [_thread_blocked, id=18448, stack(0x0000003e6a000000,0x0000003e6a100000) (1024K)]
  0x0000021bee967f90 JavaThread "Cache worker for execution history cache (C:\Users\JorgeTerrones\Documents\GitHub\readsms\.gradle\8.10.2\executionHistory)"        [_thread_blocked, id=34412, stack(0x0000003e6a200000,0x0000003e6a300000) (1024K)]
  0x0000021bee9651a0 JavaThread "Unconstrained build operations Thread 35"        [_thread_blocked, id=29700, stack(0x0000003e6a300000,0x0000003e6a400000) (1024K)]
  0x0000021bee968cb0 JavaThread "Unconstrained build operations Thread 36"        [_thread_blocked, id=38324, stack(0x0000003e6a400000,0x0000003e6a500000) (1024K)]
  0x0000021bee967270 JavaThread "Unconstrained build operations Thread 37"        [_thread_blocked, id=24156, stack(0x0000003e6a500000,0x0000003e6a600000) (1024K)]
  0x0000021bee965830 JavaThread "Unconstrained build operations Thread 38"        [_thread_blocked, id=33124, stack(0x0000003e6a600000,0x0000003e6a700000) (1024K)]
  0x0000021bee967900 JavaThread "Unconstrained build operations Thread 39"        [_thread_blocked, id=28196, stack(0x0000003e6a700000,0x0000003e6a800000) (1024K)]
  0x0000021bee969340 JavaThread "Unconstrained build operations Thread 40"        [_thread_blocked, id=32748, stack(0x0000003e6a800000,0x0000003e6a900000) (1024K)]
  0x0000021bee968620 JavaThread "Unconstrained build operations Thread 41"        [_thread_blocked, id=31212, stack(0x0000003e6a900000,0x0000003e6aa00000) (1024K)]
  0x0000021bee965ec0 JavaThread "Unconstrained build operations Thread 42"        [_thread_blocked, id=32892, stack(0x0000003e6aa00000,0x0000003e6ab00000) (1024K)]
  0x0000021bee9699d0 JavaThread "Unconstrained build operations Thread 43"        [_thread_blocked, id=18740, stack(0x0000003e6ab00000,0x0000003e6ac00000) (1024K)]
  0x0000021bee966550 JavaThread "Unconstrained build operations Thread 44"        [_thread_blocked, id=22276, stack(0x0000003e6ac00000,0x0000003e6ad00000) (1024K)]
  0x0000021bee96a060 JavaThread "Unconstrained build operations Thread 45"        [_thread_blocked, id=18536, stack(0x0000003e6ad00000,0x0000003e6ae00000) (1024K)]
  0x0000021bee966be0 JavaThread "Unconstrained build operations Thread 46"        [_thread_blocked, id=20160, stack(0x0000003e6ae00000,0x0000003e6af00000) (1024K)]
  0x0000021bee96d4e0 JavaThread "Unconstrained build operations Thread 47"        [_thread_blocked, id=39764, stack(0x0000003e6af00000,0x0000003e6b000000) (1024K)]
  0x0000021bee96baa0 JavaThread "Unconstrained build operations Thread 48"        [_thread_blocked, id=12304, stack(0x0000003e6b000000,0x0000003e6b100000) (1024K)]
  0x0000021bee96db70 JavaThread "Unconstrained build operations Thread 49"        [_thread_blocked, id=31292, stack(0x0000003e6b100000,0x0000003e6b200000) (1024K)]
  0x0000021bee96ce50 JavaThread "Unconstrained build operations Thread 50"        [_thread_blocked, id=284, stack(0x0000003e6b200000,0x0000003e6b300000) (1024K)]
  0x0000021bee96c130 JavaThread "Unconstrained build operations Thread 51"        [_thread_blocked, id=36408, stack(0x0000003e6b300000,0x0000003e6b400000) (1024K)]
  0x0000021bee96ad80 JavaThread "Unconstrained build operations Thread 52"        [_thread_blocked, id=40488, stack(0x0000003e6b400000,0x0000003e6b500000) (1024K)]
  0x0000021bee96c7c0 JavaThread "Unconstrained build operations Thread 53"        [_thread_blocked, id=33060, stack(0x0000003e6b500000,0x0000003e6b600000) (1024K)]
  0x0000021bee96a6f0 JavaThread "Unconstrained build operations Thread 54"        [_thread_blocked, id=6856, stack(0x0000003e6b600000,0x0000003e6b700000) (1024K)]
  0x0000021bee96e200 JavaThread "Unconstrained build operations Thread 55"        [_thread_blocked, id=36040, stack(0x0000003e6b700000,0x0000003e6b800000) (1024K)]
  0x0000021bf0292340 JavaThread "Unconstrained build operations Thread 56"        [_thread_blocked, id=6916, stack(0x0000003e6b800000,0x0000003e6b900000) (1024K)]
  0x0000021bf02929d0 JavaThread "Unconstrained build operations Thread 57"        [_thread_blocked, id=12408, stack(0x0000003e6b900000,0x0000003e6ba00000) (1024K)]
  0x0000021bf028f550 JavaThread "Unconstrained build operations Thread 58"        [_thread_blocked, id=34464, stack(0x0000003e6ba00000,0x0000003e6bb00000) (1024K)]
  0x0000021bf0294410 JavaThread "Unconstrained build operations Thread 59"        [_thread_blocked, id=25236, stack(0x0000003e6bb00000,0x0000003e6bc00000) (1024K)]
  0x0000021bf02936f0 JavaThread "Unconstrained build operations Thread 60"        [_thread_blocked, id=30384, stack(0x0000003e6bc00000,0x0000003e6bd00000) (1024K)]
  0x0000021bf0277220 JavaThread "WorkerExecutor Queue"              [_thread_blocked, id=41852, stack(0x0000003e6bd00000,0x0000003e6be00000) (1024K)]
  0x0000021bf0277f40 JavaThread "Unconstrained build operations Thread 61"        [_thread_blocked, id=1976, stack(0x0000003e6be00000,0x0000003e6bf00000) (1024K)]
  0x0000021bf02778b0 JavaThread "Unconstrained build operations Thread 62"        [_thread_blocked, id=39172, stack(0x0000003e6bf00000,0x0000003e6c000000) (1024K)]
  0x0000021bf02785d0 JavaThread "Unconstrained build operations Thread 63"        [_thread_blocked, id=41476, stack(0x0000003e6c000000,0x0000003e6c100000) (1024K)]
  0x0000021bf0276500 JavaThread "Unconstrained build operations Thread 64"        [_thread_blocked, id=21768, stack(0x0000003e6c100000,0x0000003e6c200000) (1024K)]
  0x0000021bf0275150 JavaThread "Unconstrained build operations Thread 65"        [_thread_blocked, id=42936, stack(0x0000003e6c200000,0x0000003e6c300000) (1024K)]
  0x0000021bf0278c60 JavaThread "Unconstrained build operations Thread 66"        [_thread_blocked, id=31560, stack(0x0000003e6c300000,0x0000003e6c400000) (1024K)]
  0x0000021bf02757e0 JavaThread "Unconstrained build operations Thread 67"        [_thread_blocked, id=35560, stack(0x0000003e6c400000,0x0000003e6c500000) (1024K)]
  0x0000021bf02792f0 JavaThread "Unconstrained build operations Thread 68"        [_thread_blocked, id=17600, stack(0x0000003e6c500000,0x0000003e6c600000) (1024K)]
  0x0000021bf0275e70 JavaThread "Unconstrained build operations Thread 69"        [_thread_blocked, id=18736, stack(0x0000003e6c600000,0x0000003e6c700000) (1024K)]
  0x0000021bf027ce00 JavaThread "Unconstrained build operations Thread 70"        [_thread_blocked, id=38428, stack(0x0000003e6c700000,0x0000003e6c800000) (1024K)]
  0x0000021bf0279980 JavaThread "Unconstrained build operations Thread 71"        [_thread_blocked, id=22520, stack(0x0000003e6c800000,0x0000003e6c900000) (1024K)]
  0x0000021bf027c0e0 JavaThread "Unconstrained build operations Thread 72"        [_thread_blocked, id=27100, stack(0x0000003e6c900000,0x0000003e6ca00000) (1024K)]
  0x0000021bf027ad30 JavaThread "Unconstrained build operations Thread 73"        [_thread_blocked, id=8956, stack(0x0000003e6ca00000,0x0000003e6cb00000) (1024K)]
  0x0000021bf027c770 JavaThread "Unconstrained build operations Thread 74"        [_thread_blocked, id=17544, stack(0x0000003e6cb00000,0x0000003e6cc00000) (1024K)]
  0x0000021bf027a010 JavaThread "Unconstrained build operations Thread 75"        [_thread_blocked, id=41876, stack(0x0000003e6cc00000,0x0000003e6cd00000) (1024K)]
  0x0000021bf027b3c0 JavaThread "Unconstrained build operations Thread 76"        [_thread_blocked, id=16932, stack(0x0000003e6cd00000,0x0000003e6ce00000) (1024K)]
  0x0000021bf027d490 JavaThread "Unconstrained build operations Thread 77"        [_thread_blocked, id=38444, stack(0x0000003e6ce00000,0x0000003e6cf00000) (1024K)]
  0x0000021bf027a6a0 JavaThread "Unconstrained build operations Thread 78"        [_thread_blocked, id=35776, stack(0x0000003e6cf00000,0x0000003e6d000000) (1024K)]
  0x0000021bf027e840 JavaThread "Unconstrained build operations Thread 79"        [_thread_blocked, id=41608, stack(0x0000003e6d000000,0x0000003e6d100000) (1024K)]
  0x0000021bf027eed0 JavaThread "Unconstrained build operations Thread 80"        [_thread_blocked, id=19332, stack(0x0000003e6d100000,0x0000003e6d200000) (1024K)]
  0x0000021bf027db20 JavaThread "Unconstrained build operations Thread 81"        [_thread_blocked, id=21040, stack(0x0000003e6d200000,0x0000003e6d300000) (1024K)]
  0x0000021bf027ba50 JavaThread "Unconstrained build operations Thread 82"        [_thread_blocked, id=14524, stack(0x0000003e6d300000,0x0000003e6d400000) (1024K)]
  0x0000021bf027fbf0 JavaThread "Unconstrained build operations Thread 83"        [_thread_blocked, id=28996, stack(0x0000003e6d400000,0x0000003e6d500000) (1024K)]
  0x0000021bf0280910 JavaThread "Unconstrained build operations Thread 84"        [_thread_blocked, id=33172, stack(0x0000003e6d500000,0x0000003e6d600000) (1024K)]
  0x0000021bf0283070 JavaThread "Unconstrained build operations Thread 85"        [_thread_blocked, id=13200, stack(0x0000003e6d600000,0x0000003e6d700000) (1024K)]
  0x0000021bf0283700 JavaThread "Unconstrained build operations Thread 86"        [_thread_blocked, id=28592, stack(0x0000003e6d700000,0x0000003e6d800000) (1024K)]
  0x0000021bf02829e0 JavaThread "WorkerExecutor Queue Thread 2"        [_thread_blocked, id=18396, stack(0x0000003e6d800000,0x0000003e6d900000) (1024K)]
  0x0000021bf0280280 JavaThread "WorkerExecutor Queue Thread 3"        [_thread_blocked, id=32028, stack(0x0000003e6d900000,0x0000003e6da00000) (1024K)]
  0x0000021bf0283d90 JavaThread "WorkerExecutor Queue Thread 4"        [_thread_in_native, id=29416, stack(0x0000003e6da00000,0x0000003e6db00000) (1024K)]
  0x0000021bf0284420 JavaThread "WorkerExecutor Queue Thread 5"        [_thread_in_Java, id=38780, stack(0x0000003e6db00000,0x0000003e6dc00000) (1024K)]
  0x0000021bf0280fa0 JavaThread "WorkerExecutor Queue Thread 6"        [_thread_in_native, id=24232, stack(0x0000003e6dc00000,0x0000003e6dd00000) (1024K)]
  0x0000021bf0284ab0 JavaThread "WorkerExecutor Queue Thread 7"        [_thread_blocked, id=39648, stack(0x0000003e6dd00000,0x0000003e6de00000) (1024K)]
  0x0000021bf0281630 JavaThread "WorkerExecutor Queue Thread 8"        [_thread_in_Java, id=15124, stack(0x0000003e6df00000,0x0000003e6e000000) (1024K)]
  0x0000021bf02885c0 JavaThread "WorkerExecutor Queue Thread 9"        [_thread_blocked, id=42332, stack(0x0000003e6e000000,0x0000003e6e100000) (1024K)]
  0x0000021bf0288c50 JavaThread "WorkerExecutor Queue Thread 10"        [_thread_in_Java, id=18220, stack(0x0000003e6e100000,0x0000003e6e200000) (1024K)]
  0x0000021bf02857d0 JavaThread "WorkerExecutor Queue Thread 11"        [_thread_blocked, id=31688, stack(0x0000003e6e200000,0x0000003e6e300000) (1024K)]
  0x0000021bf028a000 JavaThread "WorkerExecutor Queue Thread 13"        [_thread_blocked, id=19968, stack(0x0000003e6e400000,0x0000003e6e500000) (1024K)]
  0x0000021bf0286b80 JavaThread "WorkerExecutor Queue Thread 14"        [_thread_in_Java, id=17672, stack(0x0000003e6e500000,0x0000003e6e600000) (1024K)]
  0x0000021bf028cdf0 JavaThread "WorkerExecutor Queue Thread 15"        [_thread_blocked, id=38468, stack(0x0000003e6e600000,0x0000003e6e700000) (1024K)]
  0x0000021bf028ba40 JavaThread "Unconstrained build operations Thread 87"        [_thread_blocked, id=35248, stack(0x0000003e6e700000,0x0000003e6e800000) (1024K)]
  0x0000021bf028c760 JavaThread "pool-16-thread-1"                  [_thread_blocked, id=40584, stack(0x0000003e6e800000,0x0000003e6e900000) (1024K)]
  0x0000021bf028a690 JavaThread "stderr"                            [_thread_in_native, id=20804, stack(0x0000003e6e900000,0x0000003e6ea00000) (1024K)]
  0x0000021be7a1d320 JavaThread "stdout"                            [_thread_in_native, id=31392, stack(0x0000003e6ea00000,0x0000003e6eb00000) (1024K)]
  0x0000021be7a1d9b0 JavaThread "ForkJoinPool-2-worker-1"    daemon [_thread_blocked, id=41300, stack(0x0000003e65500000,0x0000003e65600000) (1024K)]
  0x0000021be7a1a530 JavaThread "ForkJoinPool-2-worker-2"    daemon [_thread_in_Java, id=15664, stack(0x0000003e65600000,0x0000003e65700000) (1024K)]
  0x0000021be7a1cc90 JavaThread "ForkJoinPool-2-worker-3"    daemon [_thread_in_Java, id=34924, stack(0x0000003e6eb00000,0x0000003e6ec00000) (1024K)]
  0x0000021be7a1abc0 JavaThread "ForkJoinPool-2-worker-4"    daemon [_thread_in_Java, id=3796, stack(0x0000003e6ec00000,0x0000003e6ed00000) (1024K)]
  0x0000021be7a1e040 JavaThread "ForkJoinPool-2-worker-5"    daemon [_thread_blocked, id=35004, stack(0x0000003e6ef00000,0x0000003e6f000000) (1024K)]
  0x0000021be7a1b250 JavaThread "ForkJoinPool-2-worker-7"    daemon [_thread_in_Java, id=41188, stack(0x0000003e6f000000,0x0000003e6f100000) (1024K)]
  0x0000021be7a1b8e0 JavaThread "ForkJoinPool-2-worker-6"    daemon [_thread_blocked, id=20472, stack(0x0000003e6f100000,0x0000003e6f200000) (1024K)]
  0x0000021be7a1f3f0 JavaThread "ForkJoinPool-2-worker-9"    daemon [_thread_blocked, id=13228, stack(0x0000003e6f200000,0x0000003e6f300000) (1024K)]
  0x0000021be7a1bf70 JavaThread "ForkJoinPool-2-worker-10"   daemon [_thread_blocked, id=15436, stack(0x0000003e6f300000,0x0000003e6f400000) (1024K)]
  0x0000021be7a1e6d0 JavaThread "ForkJoinPool-2-worker-8"    daemon [_thread_blocked, id=34704, stack(0x0000003e6f400000,0x0000003e6f500000) (1024K)]
  0x0000021be7a1c600 JavaThread "ForkJoinPool-2-worker-11"   daemon [_thread_blocked, id=27376, stack(0x0000003e6f500000,0x0000003e6f600000) (1024K)]
  0x0000021be7a1ed60 JavaThread "ForkJoinPool-2-worker-12"   daemon [_thread_blocked, id=4744, stack(0x0000003e6f700000,0x0000003e6f800000) (1024K)]
  0x0000021be7a20e30 JavaThread "ForkJoinPool-2-worker-13"   daemon [_thread_blocked, id=17920, stack(0x0000003e6f800000,0x0000003e6f900000) (1024K)]
  0x0000021be7a20110 JavaThread "ForkJoinPool-2-worker-14"   daemon [_thread_blocked, id=21196, stack(0x0000003e6f900000,0x0000003e6fa00000) (1024K)]
  0x0000021be4b3cf90 JavaThread "C2 CompilerThread1"         daemon [_thread_in_native, id=37760, stack(0x0000003e6f600000,0x0000003e6f700000) (1024K)]
  0x0000021be4b3d660 JavaThread "C2 CompilerThread2"         daemon [_thread_in_native, id=41256, stack(0x0000003e6e300000,0x0000003e6e400000) (1024K)]
  0x0000021bf02892e0 JavaThread "Unconstrained build operations Thread 88"        [_thread_blocked, id=42284, stack(0x0000003e6fa00000,0x0000003e6fb00000) (1024K)]
  0x0000021bf028db10 JavaThread "Unconstrained build operations Thread 89"        [_thread_blocked, id=9456, stack(0x0000003e6fe00000,0x0000003e6ff00000) (1024K)]
  0x0000021bf028eec0 JavaThread "Unconstrained build operations Thread 90"        [_thread_blocked, id=12636, stack(0x0000003e6ff00000,0x0000003e70000000) (1024K)]
  0x0000021be753a0a0 JavaThread "Unconstrained build operations Thread 91"        [_thread_blocked, id=42560, stack(0x0000003e70000000,0x0000003e70100000) (1024K)]
  0x0000021be753adc0 JavaThread "Unconstrained build operations Thread 92"        [_thread_blocked, id=37380, stack(0x0000003e70100000,0x0000003e70200000) (1024K)]
  0x0000021be753d520 JavaThread "Unconstrained build operations Thread 93"        [_thread_blocked, id=18668, stack(0x0000003e70200000,0x0000003e70300000) (1024K)]
  0x0000021be753c170 JavaThread "Unconstrained build operations Thread 94"        [_thread_blocked, id=7712, stack(0x0000003e70300000,0x0000003e70400000) (1024K)]
  0x0000021be753dbb0 JavaThread "Unconstrained build operations Thread 95"        [_thread_blocked, id=16800, stack(0x0000003e70400000,0x0000003e70500000) (1024K)]
  0x0000021be753e240 JavaThread "WorkerExecutor Queue Thread 16"        [_thread_blocked, id=14424, stack(0x0000003e70500000,0x0000003e70600000) (1024K)]
Total: 211

Other Threads:
  0x0000021bd9ec79e0 VMThread "VM Thread"                           [id=15692, stack(0x0000003e63800000,0x0000003e63900000) (1024K)]
  0x0000021bd9ebeee0 WatcherThread "VM Periodic Task Thread"        [id=33608, stack(0x0000003e63700000,0x0000003e63800000) (1024K)]
  0x0000021bbd5dc750 WorkerThread "GC Thread#0"                     [id=8684, stack(0x0000003e63200000,0x0000003e63300000) (1024K)]
  0x0000021bd9ec6f00 WorkerThread "GC Thread#1"                     [id=27228, stack(0x0000003e64500000,0x0000003e64600000) (1024K)]
  0x0000021bd9ec6b60 WorkerThread "GC Thread#2"                     [id=29140, stack(0x0000003e64600000,0x0000003e64700000) (1024K)]
  0x0000021bd9ec6080 WorkerThread "GC Thread#3"                     [id=39100, stack(0x0000003e64700000,0x0000003e64800000) (1024K)]
  0x0000021bd9ec7640 WorkerThread "GC Thread#4"                     [id=20996, stack(0x0000003e64800000,0x0000003e64900000) (1024K)]
  0x0000021bd9ec6420 WorkerThread "GC Thread#5"                     [id=19220, stack(0x0000003e64900000,0x0000003e64a00000) (1024K)]
  0x0000021bd9ec67c0 WorkerThread "GC Thread#6"                     [id=23996, stack(0x0000003e64a00000,0x0000003e64b00000) (1024K)]
  0x0000021bd9ec72a0 WorkerThread "GC Thread#7"                     [id=18548, stack(0x0000003e64b00000,0x0000003e64c00000) (1024K)]
  0x0000021be136f410 WorkerThread "GC Thread#8"                     [id=9840, stack(0x0000003e64c00000,0x0000003e64d00000) (1024K)]
  0x0000021be136ecd0 WorkerThread "GC Thread#9"                     [id=10128, stack(0x0000003e64d00000,0x0000003e64e00000) (1024K)]
  0x0000021be136f070 WorkerThread "GC Thread#10"                    [id=30152, stack(0x0000003e64e00000,0x0000003e64f00000) (1024K)]
  0x0000021bbd5ed640 ConcurrentGCThread "G1 Main Marker"            [id=40524, stack(0x0000003e63300000,0x0000003e63400000) (1024K)]
  0x0000021bbd5ee320 WorkerThread "G1 Conc#0"                       [id=40904, stack(0x0000003e63400000,0x0000003e63500000) (1024K)]
  0x0000021be136fb50 WorkerThread "G1 Conc#1"                       [id=20760, stack(0x0000003e65800000,0x0000003e65900000) (1024K)]
  0x0000021be13709d0 WorkerThread "G1 Conc#2"                       [id=20792, stack(0x0000003e65900000,0x0000003e65a00000) (1024K)]
  0x0000021bd9d90e50 ConcurrentGCThread "G1 Refine#0"               [id=19208, stack(0x0000003e63500000,0x0000003e63600000) (1024K)]
  0x0000021bf0812480 ConcurrentGCThread "G1 Refine#1"               [id=28280, stack(0x0000003e6fb00000,0x0000003e6fc00000) (1024K)]
  0x0000021bf0811340 ConcurrentGCThread "G1 Refine#2"               [id=15200, stack(0x0000003e6fc00000,0x0000003e6fd00000) (1024K)]
  0x0000021bf0811790 ConcurrentGCThread "G1 Refine#3"               [id=27400, stack(0x0000003e6fd00000,0x0000003e6fe00000) (1024K)]
  0x0000021bd9d934f0 ConcurrentGCThread "G1 Service"                [id=41824, stack(0x0000003e63600000,0x0000003e63700000) (1024K)]
Total: 22

Threads with active compile tasks:
C2 CompilerThread0  805962 40161 %     4       com.android.tools.r8.internal.CQ::a @ 14 (1862 bytes)
C2 CompilerThread1  805962 39989 %     4       com.android.tools.r8.internal.vd::a @ 2507 (4363 bytes)
C2 CompilerThread2  805962 40230 %     4       com.android.tools.r8.internal.vd::a @ 2762 (6886 bytes)
Total: 3

VM state: not at safepoint (normal execution)

VM Mutex/Monitor currently owned by a thread: None

Heap address: 0x0000000600000000, size: 8192 MB, Compressed Oops mode: Zero based, Oop shift amount: 3

CDS archive(s) not mapped
Compressed class space mapped at: 0x0000000800000000-0x0000000840000000, reserved size: 1073741824
Narrow klass base: 0x0000000800000000, Narrow klass shift: 0, Narrow klass range: 0x40000000

GC Precious Log:
 CardTable entry size: 512
 Card Set container configuration: InlinePtr #cards 4 size 8 Array Of Cards #cards 32 size 80 Howl #buckets 8 coarsen threshold 7372 Howl Bitmap #cards 1024 size 144 coarsen threshold 921 Card regions per heap region 1 cards per card region 8192
 CPUs: 14 total, 14 available
 Memory: 32220M
 Large Page Support: Disabled
 NUMA Support: Disabled
 Compressed Oops: Enabled (Zero based)
 Heap Region Size: 4M
 Heap Min Capacity: 8M
 Heap Initial Capacity: 504M
 Heap Max Capacity: 8G
 Pre-touch: Disabled
 Parallel Workers: 11
 Concurrent Workers: 3
 Concurrent Refinement Workers: 11
 Periodic GC: Disabled

Heap:
 garbage-first heap   total 2834432K, used 1677302K [0x0000000600000000, 0x0000000800000000)
  region size 4096K, 125 young (512000K), 11 survivors (45056K)
 Metaspace       used 160479K, committed 163008K, reserved 1245184K
  class space    used 21977K, committed 23232K, reserved 1048576K

Heap Regions: E=young(eden), S=young(survivor), O=old, HS=humongous(starts), HC=humongous(continues), CS=collection set, F=free, TAMS=top-at-mark-start, PB=parsable bottom
|   0|0x0000000600000000, 0x0000000600400000, 0x0000000600400000|100%|HS|  |TAMS 0x0000000600400000| PB 0x0000000600000000| Complete 
|   1|0x0000000600400000, 0x0000000600800000, 0x0000000600800000|100%| O|  |TAMS 0x0000000600800000| PB 0x0000000600400000| Untracked 
|   2|0x0000000600800000, 0x0000000600c00000, 0x0000000600c00000|100%| O|  |TAMS 0x0000000600c00000| PB 0x0000000600800000| Untracked 
|   3|0x0000000600c00000, 0x0000000601000000, 0x0000000601000000|100%| O|  |TAMS 0x0000000601000000| PB 0x0000000600c00000| Untracked 
|   4|0x0000000601000000, 0x0000000601400000, 0x0000000601400000|100%| O|  |TAMS 0x0000000601400000| PB 0x0000000601000000| Untracked 
|   5|0x0000000601400000, 0x0000000601800000, 0x0000000601800000|100%| O|  |TAMS 0x0000000601800000| PB 0x0000000601400000| Untracked 
|   6|0x0000000601800000, 0x0000000601c00000, 0x0000000601c00000|100%| O|  |TAMS 0x0000000601c00000| PB 0x0000000601800000| Untracked 
|   7|0x0000000601c00000, 0x0000000602000000, 0x0000000602000000|100%| O|  |TAMS 0x0000000602000000| PB 0x0000000601c00000| Untracked 
|   8|0x0000000602000000, 0x0000000602400000, 0x0000000602400000|100%| O|  |TAMS 0x0000000602400000| PB 0x0000000602000000| Untracked 
|   9|0x0000000602400000, 0x0000000602800000, 0x0000000602800000|100%| O|  |TAMS 0x0000000602800000| PB 0x0000000602400000| Updating 
|  10|0x0000000602800000, 0x0000000602c00000, 0x0000000602c00000|100%| O|  |TAMS 0x0000000602c00000| PB 0x0000000602800000| Updating 
|  11|0x0000000602c00000, 0x0000000602c00000, 0x0000000603000000|  0%| F|  |TAMS 0x0000000602c00000| PB 0x0000000602c00000| Untracked 
|  12|0x0000000603000000, 0x0000000603400000, 0x0000000603400000|100%|HS|  |TAMS 0x0000000603400000| PB 0x0000000603000000| Complete 
|  13|0x0000000603400000, 0x0000000603800000, 0x0000000603800000|100%| O|  |TAMS 0x0000000603800000| PB 0x0000000603400000| Untracked 
|  14|0x0000000603800000, 0x0000000603c00000, 0x0000000603c00000|100%| O|  |TAMS 0x0000000603c00000| PB 0x0000000603800000| Updating 
|  15|0x0000000603c00000, 0x0000000604000000, 0x0000000604000000|100%|HS|  |TAMS 0x0000000604000000| PB 0x0000000603c00000| Complete 
|  16|0x0000000604000000, 0x0000000604400000, 0x0000000604400000|100%| O|  |TAMS 0x0000000604400000| PB 0x0000000604000000| Untracked 
|  17|0x0000000604400000, 0x0000000604800000, 0x0000000604800000|100%| O|  |TAMS 0x0000000604800000| PB 0x0000000604400000| Untracked 
|  18|0x0000000604800000, 0x0000000604c00000, 0x0000000604c00000|100%| O|  |TAMS 0x0000000604c00000| PB 0x0000000604800000| Untracked 
|  19|0x0000000604c00000, 0x0000000605000000, 0x0000000605000000|100%| O|  |TAMS 0x0000000605000000| PB 0x0000000604c00000| Untracked 
|  20|0x0000000605000000, 0x0000000605400000, 0x0000000605400000|100%| O|  |TAMS 0x0000000605400000| PB 0x0000000605000000| Untracked 
|  21|0x0000000605400000, 0x0000000605800000, 0x0000000605800000|100%| O|  |TAMS 0x0000000605800000| PB 0x0000000605400000| Updating 
|  22|0x0000000605800000, 0x0000000605c00000, 0x0000000605c00000|100%|HS|  |TAMS 0x0000000605c00000| PB 0x0000000605800000| Complete 
|  23|0x0000000605c00000, 0x0000000606000000, 0x0000000606000000|100%| O|  |TAMS 0x0000000606000000| PB 0x0000000605c00000| Updating 
|  24|0x0000000606000000, 0x0000000606400000, 0x0000000606400000|100%|HS|  |TAMS 0x0000000606400000| PB 0x0000000606000000| Complete 
|  25|0x0000000606400000, 0x0000000606800000, 0x0000000606800000|100%| O|  |TAMS 0x0000000606800000| PB 0x0000000606400000| Updating 
|  26|0x0000000606800000, 0x0000000606c00000, 0x0000000606c00000|100%| O|  |TAMS 0x0000000606c00000| PB 0x0000000606800000| Updating 
|  27|0x0000000606c00000, 0x0000000607000000, 0x0000000607000000|100%| O|  |TAMS 0x0000000607000000| PB 0x0000000606c00000| Untracked 
|  28|0x0000000607000000, 0x0000000607400000, 0x0000000607400000|100%| O|  |TAMS 0x0000000607400000| PB 0x0000000607000000| Updating 
|  29|0x0000000607400000, 0x0000000607800000, 0x0000000607800000|100%| O|  |TAMS 0x0000000607800000| PB 0x0000000607400000| Updating 
|  30|0x0000000607800000, 0x0000000607c00000, 0x0000000607c00000|100%| O|  |TAMS 0x0000000607c00000| PB 0x0000000607800000| Updating 
|  31|0x0000000607c00000, 0x0000000608000000, 0x0000000608000000|100%| O|  |TAMS 0x0000000608000000| PB 0x0000000607c00000| Updating 
|  32|0x0000000608000000, 0x0000000608400000, 0x0000000608400000|100%| O|  |TAMS 0x0000000608000000| PB 0x0000000608000000| Untracked 
|  33|0x0000000608400000, 0x0000000608800000, 0x0000000608800000|100%| O|  |TAMS 0x0000000608800000| PB 0x0000000608800000| Updating 
|  34|0x0000000608800000, 0x0000000608c00000, 0x0000000608c00000|100%|HS|  |TAMS 0x0000000608c00000| PB 0x0000000608800000| Complete 
|  35|0x0000000608c00000, 0x0000000609000000, 0x0000000609000000|100%| O|  |TAMS 0x0000000609000000| PB 0x0000000609000000| Untracked 
|  36|0x0000000609000000, 0x0000000609400000, 0x0000000609400000|100%| O|  |TAMS 0x0000000609400000| PB 0x0000000609400000| Untracked 
|  37|0x0000000609400000, 0x0000000609400000, 0x0000000609800000|  0%| F|  |TAMS 0x0000000609400000| PB 0x0000000609400000| Untracked 
|  38|0x0000000609800000, 0x0000000609800000, 0x0000000609c00000|  0%| F|  |TAMS 0x0000000609800000| PB 0x0000000609800000| Untracked 
|  39|0x0000000609c00000, 0x000000060a000000, 0x000000060a000000|100%| O|  |TAMS 0x000000060a000000| PB 0x000000060a000000| Updating 
|  40|0x000000060a000000, 0x000000060a400000, 0x000000060a400000|100%| O|  |TAMS 0x000000060a400000| PB 0x000000060a400000| Updating 
|  41|0x000000060a400000, 0x000000060a800000, 0x000000060a800000|100%| O|  |TAMS 0x000000060a800000| PB 0x000000060a800000| Updating 
|  42|0x000000060a800000, 0x000000060ac00000, 0x000000060ac00000|100%| O|  |TAMS 0x000000060ac00000| PB 0x000000060ac00000| Updating 
|  43|0x000000060ac00000, 0x000000060b000000, 0x000000060b000000|100%| O|  |TAMS 0x000000060b000000| PB 0x000000060b000000| Updating 
|  44|0x000000060b000000, 0x000000060b400000, 0x000000060b400000|100%| O|  |TAMS 0x000000060b400000| PB 0x000000060b400000| Updating 
|  45|0x000000060b400000, 0x000000060b800000, 0x000000060b800000|100%| O|  |TAMS 0x000000060b800000| PB 0x000000060b800000| Updating 
|  46|0x000000060b800000, 0x000000060bc00000, 0x000000060bc00000|100%| O|  |TAMS 0x000000060bc00000| PB 0x000000060bc00000| Updating 
|  47|0x000000060bc00000, 0x000000060c000000, 0x000000060c000000|100%| O|  |TAMS 0x000000060c000000| PB 0x000000060c000000| Updating 
|  48|0x000000060c000000, 0x000000060c400000, 0x000000060c400000|100%| O|  |TAMS 0x000000060c400000| PB 0x000000060c400000| Updating 
|  49|0x000000060c400000, 0x000000060c800000, 0x000000060c800000|100%| O|  |TAMS 0x000000060c800000| PB 0x000000060c800000| Updating 
|  50|0x000000060c800000, 0x000000060c800000, 0x000000060cc00000|  0%| F|  |TAMS 0x000000060c800000| PB 0x000000060c800000| Untracked 
|  51|0x000000060cc00000, 0x000000060cc00000, 0x000000060d000000|  0%| F|  |TAMS 0x000000060cc00000| PB 0x000000060cc00000| Untracked 
|  52|0x000000060d000000, 0x000000060d000000, 0x000000060d400000|  0%| F|  |TAMS 0x000000060d000000| PB 0x000000060d000000| Untracked 
|  53|0x000000060d400000, 0x000000060d400000, 0x000000060d800000|  0%| F|  |TAMS 0x000000060d400000| PB 0x000000060d400000| Untracked 
|  54|0x000000060d800000, 0x000000060d800000, 0x000000060dc00000|  0%| F|  |TAMS 0x000000060d800000| PB 0x000000060d800000| Untracked 
|  55|0x000000060dc00000, 0x000000060dc00000, 0x000000060e000000|  0%| F|  |TAMS 0x000000060dc00000| PB 0x000000060dc00000| Untracked 
|  56|0x000000060e000000, 0x000000060e000000, 0x000000060e400000|  0%| F|  |TAMS 0x000000060e000000| PB 0x000000060e000000| Untracked 
|  57|0x000000060e400000, 0x000000060e400000, 0x000000060e800000|  0%| F|  |TAMS 0x000000060e400000| PB 0x000000060e400000| Untracked 
|  58|0x000000060e800000, 0x000000060e800000, 0x000000060ec00000|  0%| F|  |TAMS 0x000000060e800000| PB 0x000000060e800000| Untracked 
|  59|0x000000060ec00000, 0x000000060ec00000, 0x000000060f000000|  0%| F|  |TAMS 0x000000060ec00000| PB 0x000000060ec00000| Untracked 
|  60|0x000000060f000000, 0x000000060f400000, 0x000000060f400000|100%| O|  |TAMS 0x000000060f400000| PB 0x000000060f400000| Updating 
|  61|0x000000060f400000, 0x000000060f800000, 0x000000060f800000|100%| O|  |TAMS 0x000000060f800000| PB 0x000000060f800000| Updating 
|  62|0x000000060f800000, 0x000000060fc00000, 0x000000060fc00000|100%|HS|  |TAMS 0x000000060fc00000| PB 0x000000060f800000| Complete 
|  63|0x000000060fc00000, 0x0000000610000000, 0x0000000610000000|100%|HS|  |TAMS 0x0000000610000000| PB 0x000000060fc00000| Complete 
|  64|0x0000000610000000, 0x0000000610400000, 0x0000000610400000|100%| O|  |TAMS 0x0000000610400000| PB 0x0000000610400000| Untracked 
|  65|0x0000000610400000, 0x0000000610800000, 0x0000000610800000|100%|HS|  |TAMS 0x0000000610800000| PB 0x0000000610400000| Complete 
|  66|0x0000000610800000, 0x0000000610800000, 0x0000000610c00000|  0%| F|  |TAMS 0x0000000610800000| PB 0x0000000610800000| Untracked 
|  67|0x0000000610c00000, 0x0000000611000000, 0x0000000611000000|100%| O|  |TAMS 0x0000000611000000| PB 0x0000000611000000| Updating 
|  68|0x0000000611000000, 0x0000000611000000, 0x0000000611400000|  0%| F|  |TAMS 0x0000000611000000| PB 0x0000000611000000| Untracked 
|  69|0x0000000611400000, 0x0000000611400000, 0x0000000611800000|  0%| F|  |TAMS 0x0000000611400000| PB 0x0000000611400000| Untracked 
|  70|0x0000000611800000, 0x0000000611c00000, 0x0000000611c00000|100%| O|  |TAMS 0x0000000611800000| PB 0x0000000611800000| Untracked 
|  71|0x0000000611c00000, 0x0000000612000000, 0x0000000612000000|100%| O|  |TAMS 0x0000000612000000| PB 0x0000000612000000| Updating 
|  72|0x0000000612000000, 0x0000000612400000, 0x0000000612400000|100%| O|  |TAMS 0x0000000612400000| PB 0x0000000612400000| Updating 
|  73|0x0000000612400000, 0x0000000612800000, 0x0000000612800000|100%| O|  |TAMS 0x0000000612800000| PB 0x0000000612800000| Updating 
|  74|0x0000000612800000, 0x0000000612c00000, 0x0000000612c00000|100%| O|  |TAMS 0x0000000612c00000| PB 0x0000000612c00000| Updating 
|  75|0x0000000612c00000, 0x0000000612c00000, 0x0000000613000000|  0%| F|  |TAMS 0x0000000612c00000| PB 0x0000000612c00000| Untracked 
|  76|0x0000000613000000, 0x0000000613000000, 0x0000000613400000|  0%| F|  |TAMS 0x0000000613000000| PB 0x0000000613000000| Untracked 
|  77|0x0000000613400000, 0x0000000613400000, 0x0000000613800000|  0%| F|  |TAMS 0x0000000613400000| PB 0x0000000613400000| Untracked 
|  78|0x0000000613800000, 0x0000000613c00000, 0x0000000613c00000|100%| O|  |TAMS 0x0000000613c00000| PB 0x0000000613c00000| Updating 
|  79|0x0000000613c00000, 0x0000000613c00000, 0x0000000614000000|  0%| F|  |TAMS 0x0000000613c00000| PB 0x0000000613c00000| Untracked 
|  80|0x0000000614000000, 0x0000000614000000, 0x0000000614400000|  0%| F|  |TAMS 0x0000000614000000| PB 0x0000000614000000| Untracked 
|  81|0x0000000614400000, 0x0000000614400000, 0x0000000614800000|  0%| F|  |TAMS 0x0000000614400000| PB 0x0000000614400000| Untracked 
|  82|0x0000000614800000, 0x0000000614c00000, 0x0000000614c00000|100%| O|  |TAMS 0x0000000614c00000| PB 0x0000000614c00000| Updating 
|  83|0x0000000614c00000, 0x0000000615000000, 0x0000000615000000|100%| O|  |TAMS 0x0000000615000000| PB 0x0000000615000000| Updating 
|  84|0x0000000615000000, 0x0000000615400000, 0x0000000615400000|100%| O|  |TAMS 0x0000000615400000| PB 0x0000000615400000| Updating 
|  85|0x0000000615400000, 0x0000000615800000, 0x0000000615800000|100%| O|  |TAMS 0x0000000615800000| PB 0x0000000615800000| Updating 
|  86|0x0000000615800000, 0x0000000615c00000, 0x0000000615c00000|100%| O|  |TAMS 0x0000000615c00000| PB 0x0000000615c00000| Updating 
|  87|0x0000000615c00000, 0x0000000616000000, 0x0000000616000000|100%| O|  |TAMS 0x0000000616000000| PB 0x0000000616000000| Updating 
|  88|0x0000000616000000, 0x0000000616400000, 0x0000000616400000|100%| O|  |TAMS 0x0000000616400000| PB 0x0000000616400000| Updating 
|  89|0x0000000616400000, 0x0000000616800000, 0x0000000616800000|100%| O|  |TAMS 0x0000000616800000| PB 0x0000000616800000| Updating 
|  90|0x0000000616800000, 0x0000000616c00000, 0x0000000616c00000|100%| O|  |TAMS 0x0000000616c00000| PB 0x0000000616c00000| Updating 
|  91|0x0000000616c00000, 0x0000000617000000, 0x0000000617000000|100%| O|  |TAMS 0x0000000617000000| PB 0x0000000617000000| Updating 
|  92|0x0000000617000000, 0x0000000617400000, 0x0000000617400000|100%| O|  |TAMS 0x0000000617400000| PB 0x0000000617400000| Updating 
|  93|0x0000000617400000, 0x0000000617800000, 0x0000000617800000|100%| O|  |TAMS 0x0000000617800000| PB 0x0000000617800000| Updating 
|  94|0x0000000617800000, 0x0000000617c00000, 0x0000000617c00000|100%| O|  |TAMS 0x0000000617c00000| PB 0x0000000617c00000| Updating 
|  95|0x0000000617c00000, 0x0000000618000000, 0x0000000618000000|100%| O|  |TAMS 0x0000000618000000| PB 0x0000000618000000| Updating 
|  96|0x0000000618000000, 0x0000000618400000, 0x0000000618400000|100%| O|  |TAMS 0x0000000618400000| PB 0x0000000618400000| Updating 
|  97|0x0000000618400000, 0x0000000618800000, 0x0000000618800000|100%| O|  |TAMS 0x0000000618800000| PB 0x0000000618800000| Updating 
|  98|0x0000000618800000, 0x0000000618c00000, 0x0000000618c00000|100%| O|  |TAMS 0x0000000618c00000| PB 0x0000000618c00000| Untracked 
|  99|0x0000000618c00000, 0x0000000619000000, 0x0000000619000000|100%| O|  |TAMS 0x0000000619000000| PB 0x0000000619000000| Untracked 
| 100|0x0000000619000000, 0x0000000619400000, 0x0000000619400000|100%| O|  |TAMS 0x0000000619400000| PB 0x0000000619400000| Updating 
| 101|0x0000000619400000, 0x0000000619800000, 0x0000000619800000|100%| O|  |TAMS 0x0000000619800000| PB 0x0000000619800000| Untracked 
| 102|0x0000000619800000, 0x0000000619c00000, 0x0000000619c00000|100%| O|  |TAMS 0x0000000619c00000| PB 0x0000000619c00000| Updating 
| 103|0x0000000619c00000, 0x000000061a000000, 0x000000061a000000|100%| O|  |TAMS 0x000000061a000000| PB 0x000000061a000000| Updating 
| 104|0x000000061a000000, 0x000000061a000000, 0x000000061a400000|  0%| F|  |TAMS 0x000000061a000000| PB 0x000000061a000000| Untracked 
| 105|0x000000061a400000, 0x000000061a400000, 0x000000061a800000|  0%| F|  |TAMS 0x000000061a400000| PB 0x000000061a400000| Untracked 
| 106|0x000000061a800000, 0x000000061a800000, 0x000000061ac00000|  0%| F|  |TAMS 0x000000061a800000| PB 0x000000061a800000| Untracked 
| 107|0x000000061ac00000, 0x000000061b000000, 0x000000061b000000|100%| O|  |TAMS 0x000000061b000000| PB 0x000000061b000000| Updating 
| 108|0x000000061b000000, 0x000000061b400000, 0x000000061b400000|100%| O|  |TAMS 0x000000061b400000| PB 0x000000061b400000| Updating 
| 109|0x000000061b400000, 0x000000061b800000, 0x000000061b800000|100%| O|  |TAMS 0x000000061b800000| PB 0x000000061b800000| Untracked 
| 110|0x000000061b800000, 0x000000061bc00000, 0x000000061bc00000|100%| O|  |TAMS 0x000000061bc00000| PB 0x000000061bc00000| Updating 
| 111|0x000000061bc00000, 0x000000061c000000, 0x000000061c000000|100%| O|  |TAMS 0x000000061c000000| PB 0x000000061c000000| Updating 
| 112|0x000000061c000000, 0x000000061c400000, 0x000000061c400000|100%| O|  |TAMS 0x000000061c400000| PB 0x000000061c400000| Untracked 
| 113|0x000000061c400000, 0x000000061c800000, 0x000000061c800000|100%| O|  |TAMS 0x000000061c800000| PB 0x000000061c800000| Updating 
| 114|0x000000061c800000, 0x000000061cc00000, 0x000000061cc00000|100%| O|  |TAMS 0x000000061cc00000| PB 0x000000061cc00000| Updating 
| 115|0x000000061cc00000, 0x000000061d000000, 0x000000061d000000|100%| O|  |TAMS 0x000000061d000000| PB 0x000000061d000000| Untracked 
| 116|0x000000061d000000, 0x000000061d400000, 0x000000061d400000|100%| O|  |TAMS 0x000000061d400000| PB 0x000000061d400000| Updating 
| 117|0x000000061d400000, 0x000000061d400000, 0x000000061d800000|  0%| F|  |TAMS 0x000000061d400000| PB 0x000000061d400000| Untracked 
| 118|0x000000061d800000, 0x000000061dc00000, 0x000000061dc00000|100%| O|  |TAMS 0x000000061dc00000| PB 0x000000061dc00000| Updating 
| 119|0x000000061dc00000, 0x000000061e000000, 0x000000061e000000|100%| O|  |TAMS 0x000000061e000000| PB 0x000000061e000000| Updating 
| 120|0x000000061e000000, 0x000000061e400000, 0x000000061e400000|100%| O|  |TAMS 0x000000061e400000| PB 0x000000061e400000| Untracked 
| 121|0x000000061e400000, 0x000000061e800000, 0x000000061e800000|100%| O|  |TAMS 0x000000061e800000| PB 0x000000061e800000| Updating 
| 122|0x000000061e800000, 0x000000061ec00000, 0x000000061ec00000|100%| O|  |TAMS 0x000000061ec00000| PB 0x000000061ec00000| Updating 
| 123|0x000000061ec00000, 0x000000061f000000, 0x000000061f000000|100%| O|  |TAMS 0x000000061f000000| PB 0x000000061f000000| Untracked 
| 124|0x000000061f000000, 0x000000061f400000, 0x000000061f400000|100%| O|  |TAMS 0x000000061f400000| PB 0x000000061f400000| Updating 
| 125|0x000000061f400000, 0x000000061f800000, 0x000000061f800000|100%| O|  |TAMS 0x000000061f800000| PB 0x000000061f800000| Updating 
| 126|0x000000061f800000, 0x000000061fc00000, 0x000000061fc00000|100%| O|  |TAMS 0x000000061fc00000| PB 0x000000061fc00000| Updating 
| 127|0x000000061fc00000, 0x0000000620000000, 0x0000000620000000|100%| O|  |TAMS 0x0000000620000000| PB 0x0000000620000000| Untracked 
| 128|0x0000000620000000, 0x0000000620400000, 0x0000000620400000|100%| O|  |TAMS 0x0000000620400000| PB 0x0000000620400000| Updating 
| 129|0x0000000620400000, 0x0000000620800000, 0x0000000620800000|100%| O|  |TAMS 0x0000000620800000| PB 0x0000000620800000| Untracked 
| 130|0x0000000620800000, 0x0000000620c00000, 0x0000000620c00000|100%| O|  |TAMS 0x0000000620c00000| PB 0x0000000620c00000| Updating 
| 131|0x0000000620c00000, 0x0000000621000000, 0x0000000621000000|100%| O|  |TAMS 0x0000000621000000| PB 0x0000000621000000| Updating 
| 132|0x0000000621000000, 0x0000000621400000, 0x0000000621400000|100%| O|  |TAMS 0x0000000621400000| PB 0x0000000621400000| Untracked 
| 133|0x0000000621400000, 0x0000000621400000, 0x0000000621800000|  0%| F|  |TAMS 0x0000000621400000| PB 0x0000000621400000| Untracked 
| 134|0x0000000621800000, 0x0000000621c00000, 0x0000000621c00000|100%| O|  |TAMS 0x0000000621c00000| PB 0x0000000621c00000| Updating 
| 135|0x0000000621c00000, 0x0000000621c00000, 0x0000000622000000|  0%| F|  |TAMS 0x0000000621c00000| PB 0x0000000621c00000| Untracked 
| 136|0x0000000622000000, 0x0000000622400000, 0x0000000622400000|100%| O|  |TAMS 0x0000000622000000| PB 0x0000000622000000| Untracked 
| 137|0x0000000622400000, 0x0000000622800000, 0x0000000622800000|100%| O|  |TAMS 0x0000000622800000| PB 0x0000000622800000| Untracked 
| 138|0x0000000622800000, 0x0000000622800000, 0x0000000622c00000|  0%| F|  |TAMS 0x0000000622800000| PB 0x0000000622800000| Untracked 
| 139|0x0000000622c00000, 0x0000000623000000, 0x0000000623000000|100%| O|  |TAMS 0x0000000622c00000| PB 0x0000000622c00000| Untracked 
| 140|0x0000000623000000, 0x0000000623400000, 0x0000000623400000|100%| O|  |TAMS 0x0000000623400000| PB 0x0000000623400000| Updating 
| 141|0x0000000623400000, 0x0000000623400000, 0x0000000623800000|  0%| F|  |TAMS 0x0000000623400000| PB 0x0000000623400000| Untracked 
| 142|0x0000000623800000, 0x0000000623800000, 0x0000000623c00000|  0%| F|  |TAMS 0x0000000623800000| PB 0x0000000623800000| Untracked 
| 143|0x0000000623c00000, 0x0000000624000000, 0x0000000624000000|100%| O|  |TAMS 0x0000000624000000| PB 0x0000000624000000| Updating 
| 144|0x0000000624000000, 0x0000000624400000, 0x0000000624400000|100%| O|  |TAMS 0x0000000624400000| PB 0x0000000624400000| Updating 
| 145|0x0000000624400000, 0x0000000624800000, 0x0000000624800000|100%| O|  |TAMS 0x0000000624800000| PB 0x0000000624800000| Updating 
| 146|0x0000000624800000, 0x0000000624800000, 0x0000000624c00000|  0%| F|  |TAMS 0x0000000624800000| PB 0x0000000624800000| Untracked 
| 147|0x0000000624c00000, 0x0000000624c00000, 0x0000000625000000|  0%| F|  |TAMS 0x0000000624c00000| PB 0x0000000624c00000| Untracked 
| 148|0x0000000625000000, 0x0000000625000000, 0x0000000625400000|  0%| F|  |TAMS 0x0000000625000000| PB 0x0000000625000000| Untracked 
| 149|0x0000000625400000, 0x0000000625400000, 0x0000000625800000|  0%| F|  |TAMS 0x0000000625400000| PB 0x0000000625400000| Untracked 
| 150|0x0000000625800000, 0x0000000625c00000, 0x0000000625c00000|100%| O|  |TAMS 0x0000000625800000| PB 0x0000000625800000| Untracked 
| 151|0x0000000625c00000, 0x0000000626000000, 0x0000000626000000|100%| O|  |TAMS 0x0000000626000000| PB 0x0000000626000000| Updating 
| 152|0x0000000626000000, 0x0000000626400000, 0x0000000626400000|100%| O|  |TAMS 0x0000000626400000| PB 0x0000000626400000| Updating 
| 153|0x0000000626400000, 0x0000000626800000, 0x0000000626800000|100%| O|  |TAMS 0x0000000626800000| PB 0x0000000626800000| Updating 
| 154|0x0000000626800000, 0x0000000626c00000, 0x0000000626c00000|100%| O|  |TAMS 0x0000000626c00000| PB 0x0000000626c00000| Updating 
| 155|0x0000000626c00000, 0x0000000627000000, 0x0000000627000000|100%| O|  |TAMS 0x0000000626c00000| PB 0x0000000626c00000| Untracked 
| 156|0x0000000627000000, 0x0000000627000000, 0x0000000627400000|  0%| F|  |TAMS 0x0000000627000000| PB 0x0000000627000000| Untracked 
| 157|0x0000000627400000, 0x0000000627400000, 0x0000000627800000|  0%| F|  |TAMS 0x0000000627400000| PB 0x0000000627400000| Untracked 
| 158|0x0000000627800000, 0x0000000627800000, 0x0000000627c00000|  0%| F|  |TAMS 0x0000000627800000| PB 0x0000000627800000| Untracked 
| 159|0x0000000627c00000, 0x0000000627c00000, 0x0000000628000000|  0%| F|  |TAMS 0x0000000627c00000| PB 0x0000000627c00000| Untracked 
| 160|0x0000000628000000, 0x0000000628000000, 0x0000000628400000|  0%| F|  |TAMS 0x0000000628000000| PB 0x0000000628000000| Untracked 
| 161|0x0000000628400000, 0x0000000628400000, 0x0000000628800000|  0%| F|  |TAMS 0x0000000628400000| PB 0x0000000628400000| Untracked 
| 162|0x0000000628800000, 0x0000000628800000, 0x0000000628c00000|  0%| F|  |TAMS 0x0000000628800000| PB 0x0000000628800000| Untracked 
| 163|0x0000000628c00000, 0x0000000628c00000, 0x0000000629000000|  0%| F|  |TAMS 0x0000000628c00000| PB 0x0000000628c00000| Untracked 
| 164|0x0000000629000000, 0x0000000629000000, 0x0000000629400000|  0%| F|  |TAMS 0x0000000629000000| PB 0x0000000629000000| Untracked 
| 165|0x0000000629400000, 0x0000000629400000, 0x0000000629800000|  0%| F|  |TAMS 0x0000000629400000| PB 0x0000000629400000| Untracked 
| 166|0x0000000629800000, 0x0000000629800000, 0x0000000629c00000|  0%| F|  |TAMS 0x0000000629800000| PB 0x0000000629800000| Untracked 
| 167|0x0000000629c00000, 0x0000000629c00000, 0x000000062a000000|  0%| F|  |TAMS 0x0000000629c00000| PB 0x0000000629c00000| Untracked 
| 168|0x000000062a000000, 0x000000062a000000, 0x000000062a400000|  0%| F|  |TAMS 0x000000062a000000| PB 0x000000062a000000| Untracked 
| 169|0x000000062a400000, 0x000000062a800000, 0x000000062a800000|100%| O|  |TAMS 0x000000062a800000| PB 0x000000062a800000| Updating 
| 170|0x000000062a800000, 0x000000062a800000, 0x000000062ac00000|  0%| F|  |TAMS 0x000000062a800000| PB 0x000000062a800000| Untracked 
| 171|0x000000062ac00000, 0x000000062ac00000, 0x000000062b000000|  0%| F|  |TAMS 0x000000062ac00000| PB 0x000000062ac00000| Untracked 
| 172|0x000000062b000000, 0x000000062b000000, 0x000000062b400000|  0%| F|  |TAMS 0x000000062b000000| PB 0x000000062b000000| Untracked 
| 173|0x000000062b400000, 0x000000062b400000, 0x000000062b800000|  0%| F|  |TAMS 0x000000062b400000| PB 0x000000062b400000| Untracked 
| 174|0x000000062b800000, 0x000000062b800000, 0x000000062bc00000|  0%| F|  |TAMS 0x000000062b800000| PB 0x000000062b800000| Untracked 
| 175|0x000000062bc00000, 0x000000062c000000, 0x000000062c000000|100%| O|  |TAMS 0x000000062c000000| PB 0x000000062c000000| Updating 
| 176|0x000000062c000000, 0x000000062c400000, 0x000000062c400000|100%| O|  |TAMS 0x000000062c400000| PB 0x000000062c400000| Updating 
| 177|0x000000062c400000, 0x000000062c800000, 0x000000062c800000|100%| O|  |TAMS 0x000000062c800000| PB 0x000000062c800000| Updating 
| 178|0x000000062c800000, 0x000000062cc00000, 0x000000062cc00000|100%| O|  |TAMS 0x000000062cc00000| PB 0x000000062cc00000| Updating 
| 179|0x000000062cc00000, 0x000000062cc00000, 0x000000062d000000|  0%| F|  |TAMS 0x000000062cc00000| PB 0x000000062cc00000| Untracked 
| 180|0x000000062d000000, 0x000000062d400000, 0x000000062d400000|100%| O|  |TAMS 0x000000062d400000| PB 0x000000062d400000| Updating 
| 181|0x000000062d400000, 0x000000062d800000, 0x000000062d800000|100%| O|  |TAMS 0x000000062d400000| PB 0x000000062d400000| Untracked 
| 182|0x000000062d800000, 0x000000062dc00000, 0x000000062dc00000|100%| O|  |TAMS 0x000000062dc00000| PB 0x000000062dc00000| Updating 
| 183|0x000000062dc00000, 0x000000062e000000, 0x000000062e000000|100%| O|  |TAMS 0x000000062e000000| PB 0x000000062e000000| Updating 
| 184|0x000000062e000000, 0x000000062e400000, 0x000000062e400000|100%| O|  |TAMS 0x000000062e000000| PB 0x000000062e000000| Untracked 
| 185|0x000000062e400000, 0x000000062e800000, 0x000000062e800000|100%| O|  |TAMS 0x000000062e800000| PB 0x000000062e800000| Updating 
| 186|0x000000062e800000, 0x000000062ec00000, 0x000000062ec00000|100%| O|  |TAMS 0x000000062ec00000| PB 0x000000062ec00000| Updating 
| 187|0x000000062ec00000, 0x000000062f000000, 0x000000062f000000|100%| O|  |TAMS 0x000000062f000000| PB 0x000000062f000000| Updating 
| 188|0x000000062f000000, 0x000000062f400000, 0x000000062f400000|100%| O|  |TAMS 0x000000062f400000| PB 0x000000062f400000| Updating 
| 189|0x000000062f400000, 0x000000062f800000, 0x000000062f800000|100%| O|  |TAMS 0x000000062f400000| PB 0x000000062f400000| Untracked 
| 190|0x000000062f800000, 0x000000062fc00000, 0x000000062fc00000|100%|HS|  |TAMS 0x000000062fc00000| PB 0x000000062f800000| Complete 
| 191|0x000000062fc00000, 0x0000000630000000, 0x0000000630000000|100%|HC|  |TAMS 0x0000000630000000| PB 0x000000062fc00000| Complete 
| 192|0x0000000630000000, 0x0000000630000000, 0x0000000630400000|  0%| F|  |TAMS 0x0000000630000000| PB 0x0000000630000000| Untracked 
| 193|0x0000000630400000, 0x0000000630800000, 0x0000000630800000|100%| O|  |TAMS 0x0000000630800000| PB 0x0000000630800000| Updating 
| 194|0x0000000630800000, 0x0000000630c00000, 0x0000000630c00000|100%| O|  |TAMS 0x0000000630c00000| PB 0x0000000630c00000| Updating 
| 195|0x0000000630c00000, 0x0000000631000000, 0x0000000631000000|100%| O|  |TAMS 0x0000000631000000| PB 0x0000000631000000| Updating 
| 196|0x0000000631000000, 0x0000000631400000, 0x0000000631400000|100%| O|  |TAMS 0x0000000631400000| PB 0x0000000631400000| Updating 
| 197|0x0000000631400000, 0x0000000631800000, 0x0000000631800000|100%| O|  |TAMS 0x0000000631800000| PB 0x0000000631800000| Updating 
| 198|0x0000000631800000, 0x0000000631c00000, 0x0000000631c00000|100%| O|  |TAMS 0x0000000631c00000| PB 0x0000000631c00000| Updating 
| 199|0x0000000631c00000, 0x0000000632000000, 0x0000000632000000|100%| O|  |TAMS 0x0000000632000000| PB 0x0000000632000000| Updating 
| 200|0x0000000632000000, 0x0000000632400000, 0x0000000632400000|100%| O|  |TAMS 0x0000000632400000| PB 0x0000000632400000| Updating 
| 201|0x0000000632400000, 0x0000000632800000, 0x0000000632800000|100%| O|  |TAMS 0x0000000632800000| PB 0x0000000632800000| Updating 
| 202|0x0000000632800000, 0x0000000632c00000, 0x0000000632c00000|100%| O|  |TAMS 0x0000000632c00000| PB 0x0000000632c00000| Updating 
| 203|0x0000000632c00000, 0x0000000633000000, 0x0000000633000000|100%| O|  |TAMS 0x0000000632c00000| PB 0x0000000632c00000| Untracked 
| 204|0x0000000633000000, 0x0000000633400000, 0x0000000633400000|100%| O|  |TAMS 0x0000000633400000| PB 0x0000000633400000| Updating 
| 205|0x0000000633400000, 0x0000000633800000, 0x0000000633800000|100%| O|  |TAMS 0x0000000633400000| PB 0x0000000633400000| Untracked 
| 206|0x0000000633800000, 0x0000000633c00000, 0x0000000633c00000|100%| O|  |TAMS 0x0000000633800000| PB 0x0000000633800000| Untracked 
| 207|0x0000000633c00000, 0x0000000634000000, 0x0000000634000000|100%| O|  |TAMS 0x0000000633c00000| PB 0x0000000633c00000| Untracked 
| 208|0x0000000634000000, 0x0000000634400000, 0x0000000634400000|100%| O|  |TAMS 0x0000000634400000| PB 0x0000000634400000| Updating 
| 209|0x0000000634400000, 0x0000000634800000, 0x0000000634800000|100%| O|  |TAMS 0x0000000634800000| PB 0x0000000634800000| Updating 
| 210|0x0000000634800000, 0x0000000634c00000, 0x0000000634c00000|100%| O|  |TAMS 0x0000000634c00000| PB 0x0000000634c00000| Updating 
| 211|0x0000000634c00000, 0x0000000635000000, 0x0000000635000000|100%| O|  |TAMS 0x0000000634c00000| PB 0x0000000634c00000| Untracked 
| 212|0x0000000635000000, 0x0000000635400000, 0x0000000635400000|100%| O|  |TAMS 0x0000000635000000| PB 0x0000000635000000| Untracked 
| 213|0x0000000635400000, 0x0000000635800000, 0x0000000635800000|100%| O|  |TAMS 0x0000000635400000| PB 0x0000000635400000| Untracked 
| 214|0x0000000635800000, 0x0000000635c00000, 0x0000000635c00000|100%| O|  |TAMS 0x0000000635800000| PB 0x0000000635800000| Untracked 
| 215|0x0000000635c00000, 0x0000000636000000, 0x0000000636000000|100%| O|  |TAMS 0x0000000635c00000| PB 0x0000000635c00000| Untracked 
| 216|0x0000000636000000, 0x0000000636400000, 0x0000000636400000|100%| O|  |TAMS 0x0000000636000000| PB 0x0000000636000000| Untracked 
| 217|0x0000000636400000, 0x0000000636800000, 0x0000000636800000|100%|HS|  |TAMS 0x0000000636800000| PB 0x0000000636400000| Complete 
| 218|0x0000000636800000, 0x0000000636c00000, 0x0000000636c00000|100%|HC|  |TAMS 0x0000000636c00000| PB 0x0000000636800000| Complete 
| 219|0x0000000636c00000, 0x0000000637000000, 0x0000000637000000|100%|HC|  |TAMS 0x0000000637000000| PB 0x0000000636c00000| Complete 
| 220|0x0000000637000000, 0x0000000637400000, 0x0000000637400000|100%|HC|  |TAMS 0x0000000637400000| PB 0x0000000637000000| Complete 
| 221|0x0000000637400000, 0x0000000637800000, 0x0000000637800000|100%|HC|  |TAMS 0x0000000637800000| PB 0x0000000637400000| Complete 
| 222|0x0000000637800000, 0x0000000637c00000, 0x0000000637c00000|100%|HC|  |TAMS 0x0000000637c00000| PB 0x0000000637800000| Complete 
| 223|0x0000000637c00000, 0x0000000638000000, 0x0000000638000000|100%|HC|  |TAMS 0x0000000638000000| PB 0x0000000637c00000| Complete 
| 224|0x0000000638000000, 0x0000000638400000, 0x0000000638400000|100%|HC|  |TAMS 0x0000000638400000| PB 0x0000000638000000| Complete 
| 225|0x0000000638400000, 0x0000000638800000, 0x0000000638800000|100%| O|  |TAMS 0x0000000638400000| PB 0x0000000638400000| Untracked 
| 226|0x0000000638800000, 0x0000000638c00000, 0x0000000638c00000|100%| O|  |TAMS 0x0000000638800000| PB 0x0000000638800000| Untracked 
| 227|0x0000000638c00000, 0x0000000639000000, 0x0000000639000000|100%| O|  |TAMS 0x0000000638c00000| PB 0x0000000638c00000| Untracked 
| 228|0x0000000639000000, 0x0000000639400000, 0x0000000639400000|100%| O|  |TAMS 0x0000000639000000| PB 0x0000000639000000| Untracked 
| 229|0x0000000639400000, 0x0000000639800000, 0x0000000639800000|100%| O|  |TAMS 0x0000000639400000| PB 0x0000000639400000| Untracked 
| 230|0x0000000639800000, 0x0000000639800000, 0x0000000639c00000|  0%| F|  |TAMS 0x0000000639800000| PB 0x0000000639800000| Untracked 
| 231|0x0000000639c00000, 0x000000063a000000, 0x000000063a000000|100%| O|  |TAMS 0x0000000639c00000| PB 0x0000000639c00000| Untracked 
| 232|0x000000063a000000, 0x000000063a400000, 0x000000063a400000|100%| O|  |TAMS 0x000000063a400000| PB 0x000000063a400000| Updating 
| 233|0x000000063a400000, 0x000000063a800000, 0x000000063a800000|100%| O|  |TAMS 0x000000063a800000| PB 0x000000063a800000| Updating 
| 234|0x000000063a800000, 0x000000063ac00000, 0x000000063ac00000|100%| O|  |TAMS 0x000000063a800000| PB 0x000000063a800000| Untracked 
| 235|0x000000063ac00000, 0x000000063ae00000, 0x000000063b000000| 50%| O|  |TAMS 0x000000063ac00000| PB 0x000000063ac00000| Updating 
| 236|0x000000063b000000, 0x000000063b400000, 0x000000063b400000|100%| O|  |TAMS 0x000000063b400000| PB 0x000000063b400000| Updating 
| 237|0x000000063b400000, 0x000000063b800000, 0x000000063b800000|100%|HS|  |TAMS 0x000000063b400000| PB 0x000000063b400000| Complete 
| 238|0x000000063b800000, 0x000000063b800000, 0x000000063bc00000|  0%| F|  |TAMS 0x000000063b800000| PB 0x000000063b800000| Untracked 
| 239|0x000000063bc00000, 0x000000063bc00000, 0x000000063c000000|  0%| F|  |TAMS 0x000000063bc00000| PB 0x000000063bc00000| Untracked 
| 240|0x000000063c000000, 0x000000063c000000, 0x000000063c400000|  0%| F|  |TAMS 0x000000063c000000| PB 0x000000063c000000| Untracked 
| 241|0x000000063c400000, 0x000000063c400000, 0x000000063c800000|  0%| F|  |TAMS 0x000000063c400000| PB 0x000000063c400000| Untracked 
| 242|0x000000063c800000, 0x000000063c800000, 0x000000063cc00000|  0%| F|  |TAMS 0x000000063c800000| PB 0x000000063c800000| Untracked 
| 243|0x000000063cc00000, 0x000000063d000000, 0x000000063d000000|100%| O|  |TAMS 0x000000063d000000| PB 0x000000063d000000| Updating 
| 244|0x000000063d000000, 0x000000063d400000, 0x000000063d400000|100%| O|  |TAMS 0x000000063d400000| PB 0x000000063d400000| Updating 
| 245|0x000000063d400000, 0x000000063d800000, 0x000000063d800000|100%| O|  |TAMS 0x000000063d800000| PB 0x000000063d800000| Updating 
| 246|0x000000063d800000, 0x000000063d800000, 0x000000063dc00000|  0%| F|  |TAMS 0x000000063d800000| PB 0x000000063d800000| Untracked 
| 247|0x000000063dc00000, 0x000000063e000000, 0x000000063e000000|100%| O|  |TAMS 0x000000063e000000| PB 0x000000063e000000| Updating 
| 248|0x000000063e000000, 0x000000063e000000, 0x000000063e400000|  0%| F|  |TAMS 0x000000063e000000| PB 0x000000063e000000| Untracked 
| 249|0x000000063e400000, 0x000000063e400000, 0x000000063e800000|  0%| F|  |TAMS 0x000000063e400000| PB 0x000000063e400000| Untracked 
| 250|0x000000063e800000, 0x000000063e800000, 0x000000063ec00000|  0%| F|  |TAMS 0x000000063e800000| PB 0x000000063e800000| Untracked 
| 251|0x000000063ec00000, 0x000000063ec00000, 0x000000063f000000|  0%| F|  |TAMS 0x000000063ec00000| PB 0x000000063ec00000| Untracked 
| 252|0x000000063f000000, 0x000000063f000000, 0x000000063f400000|  0%| F|  |TAMS 0x000000063f000000| PB 0x000000063f000000| Untracked 
| 253|0x000000063f400000, 0x000000063f400000, 0x000000063f800000|  0%| F|  |TAMS 0x000000063f400000| PB 0x000000063f400000| Untracked 
| 254|0x000000063f800000, 0x000000063f800000, 0x000000063fc00000|  0%| F|  |TAMS 0x000000063f800000| PB 0x000000063f800000| Untracked 
| 255|0x000000063fc00000, 0x000000063fc00000, 0x0000000640000000|  0%| F|  |TAMS 0x000000063fc00000| PB 0x000000063fc00000| Untracked 
| 256|0x0000000640000000, 0x0000000640000000, 0x0000000640400000|  0%| F|  |TAMS 0x0000000640000000| PB 0x0000000640000000| Untracked 
| 257|0x0000000640400000, 0x0000000640400000, 0x0000000640800000|  0%| F|  |TAMS 0x0000000640400000| PB 0x0000000640400000| Untracked 
| 258|0x0000000640800000, 0x0000000640c00000, 0x0000000640c00000|100%|HS|  |TAMS 0x0000000640c00000| PB 0x0000000640800000| Complete 
| 259|0x0000000640c00000, 0x0000000641000000, 0x0000000641000000|100%|HS|  |TAMS 0x0000000641000000| PB 0x0000000640c00000| Complete 
| 260|0x0000000641000000, 0x0000000641000000, 0x0000000641400000|  0%| F|  |TAMS 0x0000000641000000| PB 0x0000000641000000| Untracked 
| 261|0x0000000641400000, 0x0000000641400000, 0x0000000641800000|  0%| F|  |TAMS 0x0000000641400000| PB 0x0000000641400000| Untracked 
| 262|0x0000000641800000, 0x0000000641800000, 0x0000000641c00000|  0%| F|  |TAMS 0x0000000641800000| PB 0x0000000641800000| Untracked 
| 263|0x0000000641c00000, 0x0000000641c00000, 0x0000000642000000|  0%| F|  |TAMS 0x0000000641c00000| PB 0x0000000641c00000| Untracked 
| 264|0x0000000642000000, 0x0000000642000000, 0x0000000642400000|  0%| F|  |TAMS 0x0000000642000000| PB 0x0000000642000000| Untracked 
| 265|0x0000000642400000, 0x0000000642400000, 0x0000000642800000|  0%| F|  |TAMS 0x0000000642400000| PB 0x0000000642400000| Untracked 
| 266|0x0000000642800000, 0x0000000642800000, 0x0000000642c00000|  0%| F|  |TAMS 0x0000000642800000| PB 0x0000000642800000| Untracked 
| 267|0x0000000642c00000, 0x0000000642c00000, 0x0000000643000000|  0%| F|  |TAMS 0x0000000642c00000| PB 0x0000000642c00000| Untracked 
| 268|0x0000000643000000, 0x0000000643000000, 0x0000000643400000|  0%| F|  |TAMS 0x0000000643000000| PB 0x0000000643000000| Untracked 
| 269|0x0000000643400000, 0x0000000643400000, 0x0000000643800000|  0%| F|  |TAMS 0x0000000643400000| PB 0x0000000643400000| Untracked 
| 270|0x0000000643800000, 0x0000000643800000, 0x0000000643c00000|  0%| F|  |TAMS 0x0000000643800000| PB 0x0000000643800000| Untracked 
| 271|0x0000000643c00000, 0x0000000643c00000, 0x0000000644000000|  0%| F|  |TAMS 0x0000000643c00000| PB 0x0000000643c00000| Untracked 
| 272|0x0000000644000000, 0x0000000644000000, 0x0000000644400000|  0%| F|  |TAMS 0x0000000644000000| PB 0x0000000644000000| Untracked 
| 273|0x0000000644400000, 0x0000000644400000, 0x0000000644800000|  0%| F|  |TAMS 0x0000000644400000| PB 0x0000000644400000| Untracked 
| 274|0x0000000644800000, 0x0000000644800000, 0x0000000644c00000|  0%| F|  |TAMS 0x0000000644800000| PB 0x0000000644800000| Untracked 
| 275|0x0000000644c00000, 0x0000000644c00000, 0x0000000645000000|  0%| F|  |TAMS 0x0000000644c00000| PB 0x0000000644c00000| Untracked 
| 276|0x0000000645000000, 0x0000000645000000, 0x0000000645400000|  0%| F|  |TAMS 0x0000000645000000| PB 0x0000000645000000| Untracked 
| 277|0x0000000645400000, 0x0000000645400000, 0x0000000645800000|  0%| F|  |TAMS 0x0000000645400000| PB 0x0000000645400000| Untracked 
| 278|0x0000000645800000, 0x0000000645800000, 0x0000000645c00000|  0%| F|  |TAMS 0x0000000645800000| PB 0x0000000645800000| Untracked 
| 279|0x0000000645c00000, 0x0000000645c00000, 0x0000000646000000|  0%| F|  |TAMS 0x0000000645c00000| PB 0x0000000645c00000| Untracked 
| 280|0x0000000646000000, 0x0000000646000000, 0x0000000646400000|  0%| F|  |TAMS 0x0000000646000000| PB 0x0000000646000000| Untracked 
| 281|0x0000000646400000, 0x0000000646400000, 0x0000000646800000|  0%| F|  |TAMS 0x0000000646400000| PB 0x0000000646400000| Untracked 
| 282|0x0000000646800000, 0x0000000646800000, 0x0000000646c00000|  0%| F|  |TAMS 0x0000000646800000| PB 0x0000000646800000| Untracked 
| 283|0x0000000646c00000, 0x0000000646c00000, 0x0000000647000000|  0%| F|  |TAMS 0x0000000646c00000| PB 0x0000000646c00000| Untracked 
| 284|0x0000000647000000, 0x0000000647000000, 0x0000000647400000|  0%| F|  |TAMS 0x0000000647000000| PB 0x0000000647000000| Untracked 
| 285|0x0000000647400000, 0x0000000647400000, 0x0000000647800000|  0%| F|  |TAMS 0x0000000647400000| PB 0x0000000647400000| Untracked 
| 286|0x0000000647800000, 0x0000000647800000, 0x0000000647c00000|  0%| F|  |TAMS 0x0000000647800000| PB 0x0000000647800000| Untracked 
| 287|0x0000000647c00000, 0x0000000647c00000, 0x0000000648000000|  0%| F|  |TAMS 0x0000000647c00000| PB 0x0000000647c00000| Untracked 
| 288|0x0000000648000000, 0x0000000648000000, 0x0000000648400000|  0%| F|  |TAMS 0x0000000648000000| PB 0x0000000648000000| Untracked 
| 289|0x0000000648400000, 0x0000000648400000, 0x0000000648800000|  0%| F|  |TAMS 0x0000000648400000| PB 0x0000000648400000| Untracked 
| 290|0x0000000648800000, 0x0000000648800000, 0x0000000648c00000|  0%| F|  |TAMS 0x0000000648800000| PB 0x0000000648800000| Untracked 
| 291|0x0000000648c00000, 0x0000000648c00000, 0x0000000649000000|  0%| F|  |TAMS 0x0000000648c00000| PB 0x0000000648c00000| Untracked 
| 292|0x0000000649000000, 0x0000000649000000, 0x0000000649400000|  0%| F|  |TAMS 0x0000000649000000| PB 0x0000000649000000| Untracked 
| 293|0x0000000649400000, 0x0000000649400000, 0x0000000649800000|  0%| F|  |TAMS 0x0000000649400000| PB 0x0000000649400000| Untracked 
| 294|0x0000000649800000, 0x0000000649800000, 0x0000000649c00000|  0%| F|  |TAMS 0x0000000649800000| PB 0x0000000649800000| Untracked 
| 295|0x0000000649c00000, 0x0000000649c00000, 0x000000064a000000|  0%| F|  |TAMS 0x0000000649c00000| PB 0x0000000649c00000| Untracked 
| 296|0x000000064a000000, 0x000000064a000000, 0x000000064a400000|  0%| F|  |TAMS 0x000000064a000000| PB 0x000000064a000000| Untracked 
| 297|0x000000064a400000, 0x000000064a400000, 0x000000064a800000|  0%| F|  |TAMS 0x000000064a400000| PB 0x000000064a400000| Untracked 
| 298|0x000000064a800000, 0x000000064a800000, 0x000000064ac00000|  0%| F|  |TAMS 0x000000064a800000| PB 0x000000064a800000| Untracked 
| 299|0x000000064ac00000, 0x000000064ac00000, 0x000000064b000000|  0%| F|  |TAMS 0x000000064ac00000| PB 0x000000064ac00000| Untracked 
| 300|0x000000064b000000, 0x000000064b000000, 0x000000064b400000|  0%| F|  |TAMS 0x000000064b000000| PB 0x000000064b000000| Untracked 
| 301|0x000000064b400000, 0x000000064b400000, 0x000000064b800000|  0%| F|  |TAMS 0x000000064b400000| PB 0x000000064b400000| Untracked 
| 302|0x000000064b800000, 0x000000064b800000, 0x000000064bc00000|  0%| F|  |TAMS 0x000000064b800000| PB 0x000000064b800000| Untracked 
| 303|0x000000064bc00000, 0x000000064bc00000, 0x000000064c000000|  0%| F|  |TAMS 0x000000064bc00000| PB 0x000000064bc00000| Untracked 
| 304|0x000000064c000000, 0x000000064c000000, 0x000000064c400000|  0%| F|  |TAMS 0x000000064c000000| PB 0x000000064c000000| Untracked 
| 305|0x000000064c400000, 0x000000064c400000, 0x000000064c800000|  0%| F|  |TAMS 0x000000064c400000| PB 0x000000064c400000| Untracked 
| 306|0x000000064c800000, 0x000000064c800000, 0x000000064cc00000|  0%| F|  |TAMS 0x000000064c800000| PB 0x000000064c800000| Untracked 
| 307|0x000000064cc00000, 0x000000064cc00000, 0x000000064d000000|  0%| F|  |TAMS 0x000000064cc00000| PB 0x000000064cc00000| Untracked 
| 308|0x000000064d000000, 0x000000064d000000, 0x000000064d400000|  0%| F|  |TAMS 0x000000064d000000| PB 0x000000064d000000| Untracked 
| 309|0x000000064d400000, 0x000000064d400000, 0x000000064d800000|  0%| F|  |TAMS 0x000000064d400000| PB 0x000000064d400000| Untracked 
| 310|0x000000064d800000, 0x000000064d800000, 0x000000064dc00000|  0%| F|  |TAMS 0x000000064d800000| PB 0x000000064d800000| Untracked 
| 311|0x000000064dc00000, 0x000000064dc00000, 0x000000064e000000|  0%| F|  |TAMS 0x000000064dc00000| PB 0x000000064dc00000| Untracked 
| 312|0x000000064e000000, 0x000000064e000000, 0x000000064e400000|  0%| F|  |TAMS 0x000000064e000000| PB 0x000000064e000000| Untracked 
| 313|0x000000064e400000, 0x000000064e400000, 0x000000064e800000|  0%| F|  |TAMS 0x000000064e400000| PB 0x000000064e400000| Untracked 
| 314|0x000000064e800000, 0x000000064e800000, 0x000000064ec00000|  0%| F|  |TAMS 0x000000064e800000| PB 0x000000064e800000| Untracked 
| 315|0x000000064ec00000, 0x000000064ec00000, 0x000000064f000000|  0%| F|  |TAMS 0x000000064ec00000| PB 0x000000064ec00000| Untracked 
| 316|0x000000064f000000, 0x000000064f000000, 0x000000064f400000|  0%| F|  |TAMS 0x000000064f000000| PB 0x000000064f000000| Untracked 
| 317|0x000000064f400000, 0x000000064f400000, 0x000000064f800000|  0%| F|  |TAMS 0x000000064f400000| PB 0x000000064f400000| Untracked 
| 318|0x000000064f800000, 0x000000064f800000, 0x000000064fc00000|  0%| F|  |TAMS 0x000000064f800000| PB 0x000000064f800000| Untracked 
| 319|0x000000064fc00000, 0x000000064fc00000, 0x0000000650000000|  0%| F|  |TAMS 0x000000064fc00000| PB 0x000000064fc00000| Untracked 
| 320|0x0000000650000000, 0x0000000650000000, 0x0000000650400000|  0%| F|  |TAMS 0x0000000650000000| PB 0x0000000650000000| Untracked 
| 321|0x0000000650400000, 0x0000000650400000, 0x0000000650800000|  0%| F|  |TAMS 0x0000000650400000| PB 0x0000000650400000| Untracked 
| 322|0x0000000650800000, 0x0000000650800000, 0x0000000650c00000|  0%| F|  |TAMS 0x0000000650800000| PB 0x0000000650800000| Untracked 
| 323|0x0000000650c00000, 0x0000000650c00000, 0x0000000651000000|  0%| F|  |TAMS 0x0000000650c00000| PB 0x0000000650c00000| Untracked 
| 324|0x0000000651000000, 0x0000000651000000, 0x0000000651400000|  0%| F|  |TAMS 0x0000000651000000| PB 0x0000000651000000| Untracked 
| 325|0x0000000651400000, 0x0000000651400000, 0x0000000651800000|  0%| F|  |TAMS 0x0000000651400000| PB 0x0000000651400000| Untracked 
| 326|0x0000000651800000, 0x0000000651800000, 0x0000000651c00000|  0%| F|  |TAMS 0x0000000651800000| PB 0x0000000651800000| Untracked 
| 327|0x0000000651c00000, 0x0000000651c00000, 0x0000000652000000|  0%| F|  |TAMS 0x0000000651c00000| PB 0x0000000651c00000| Untracked 
| 328|0x0000000652000000, 0x0000000652000000, 0x0000000652400000|  0%| F|  |TAMS 0x0000000652000000| PB 0x0000000652000000| Untracked 
| 329|0x0000000652400000, 0x0000000652400000, 0x0000000652800000|  0%| F|  |TAMS 0x0000000652400000| PB 0x0000000652400000| Untracked 
| 330|0x0000000652800000, 0x0000000652800000, 0x0000000652c00000|  0%| F|  |TAMS 0x0000000652800000| PB 0x0000000652800000| Untracked 
| 331|0x0000000652c00000, 0x0000000652c00000, 0x0000000653000000|  0%| F|  |TAMS 0x0000000652c00000| PB 0x0000000652c00000| Untracked 
| 332|0x0000000653000000, 0x0000000653000000, 0x0000000653400000|  0%| F|  |TAMS 0x0000000653000000| PB 0x0000000653000000| Untracked 
| 333|0x0000000653400000, 0x0000000653400000, 0x0000000653800000|  0%| F|  |TAMS 0x0000000653400000| PB 0x0000000653400000| Untracked 
| 334|0x0000000653800000, 0x0000000653800000, 0x0000000653c00000|  0%| F|  |TAMS 0x0000000653800000| PB 0x0000000653800000| Untracked 
| 335|0x0000000653c00000, 0x0000000653c00000, 0x0000000654000000|  0%| F|  |TAMS 0x0000000653c00000| PB 0x0000000653c00000| Untracked 
| 336|0x0000000654000000, 0x0000000654000000, 0x0000000654400000|  0%| F|  |TAMS 0x0000000654000000| PB 0x0000000654000000| Untracked 
| 337|0x0000000654400000, 0x0000000654400000, 0x0000000654800000|  0%| F|  |TAMS 0x0000000654400000| PB 0x0000000654400000| Untracked 
| 338|0x0000000654800000, 0x0000000654800000, 0x0000000654c00000|  0%| F|  |TAMS 0x0000000654800000| PB 0x0000000654800000| Untracked 
| 339|0x0000000654c00000, 0x0000000654c00000, 0x0000000655000000|  0%| F|  |TAMS 0x0000000654c00000| PB 0x0000000654c00000| Untracked 
| 340|0x0000000655000000, 0x0000000655000000, 0x0000000655400000|  0%| F|  |TAMS 0x0000000655000000| PB 0x0000000655000000| Untracked 
| 341|0x0000000655400000, 0x0000000655400000, 0x0000000655800000|  0%| F|  |TAMS 0x0000000655400000| PB 0x0000000655400000| Untracked 
| 342|0x0000000655800000, 0x0000000655800000, 0x0000000655c00000|  0%| F|  |TAMS 0x0000000655800000| PB 0x0000000655800000| Untracked 
| 343|0x0000000655c00000, 0x0000000655c00000, 0x0000000656000000|  0%| F|  |TAMS 0x0000000655c00000| PB 0x0000000655c00000| Untracked 
| 344|0x0000000656000000, 0x0000000656000000, 0x0000000656400000|  0%| F|  |TAMS 0x0000000656000000| PB 0x0000000656000000| Untracked 
| 345|0x0000000656400000, 0x0000000656400000, 0x0000000656800000|  0%| F|  |TAMS 0x0000000656400000| PB 0x0000000656400000| Untracked 
| 346|0x0000000656800000, 0x0000000656800000, 0x0000000656c00000|  0%| F|  |TAMS 0x0000000656800000| PB 0x0000000656800000| Untracked 
| 347|0x0000000656c00000, 0x0000000656c00000, 0x0000000657000000|  0%| F|  |TAMS 0x0000000656c00000| PB 0x0000000656c00000| Untracked 
| 348|0x0000000657000000, 0x0000000657000000, 0x0000000657400000|  0%| F|  |TAMS 0x0000000657000000| PB 0x0000000657000000| Untracked 
| 349|0x0000000657400000, 0x0000000657400000, 0x0000000657800000|  0%| F|  |TAMS 0x0000000657400000| PB 0x0000000657400000| Untracked 
| 350|0x0000000657800000, 0x0000000657800000, 0x0000000657c00000|  0%| F|  |TAMS 0x0000000657800000| PB 0x0000000657800000| Untracked 
| 351|0x0000000657c00000, 0x0000000657c00000, 0x0000000658000000|  0%| F|  |TAMS 0x0000000657c00000| PB 0x0000000657c00000| Untracked 
| 352|0x0000000658000000, 0x0000000658000000, 0x0000000658400000|  0%| F|  |TAMS 0x0000000658000000| PB 0x0000000658000000| Untracked 
| 353|0x0000000658400000, 0x0000000658400000, 0x0000000658800000|  0%| F|  |TAMS 0x0000000658400000| PB 0x0000000658400000| Untracked 
| 354|0x0000000658800000, 0x0000000658800000, 0x0000000658c00000|  0%| F|  |TAMS 0x0000000658800000| PB 0x0000000658800000| Untracked 
| 355|0x0000000658c00000, 0x0000000658c00000, 0x0000000659000000|  0%| F|  |TAMS 0x0000000658c00000| PB 0x0000000658c00000| Untracked 
| 356|0x0000000659000000, 0x0000000659000000, 0x0000000659400000|  0%| F|  |TAMS 0x0000000659000000| PB 0x0000000659000000| Untracked 
| 357|0x0000000659400000, 0x0000000659400000, 0x0000000659800000|  0%| F|  |TAMS 0x0000000659400000| PB 0x0000000659400000| Untracked 
| 358|0x0000000659800000, 0x0000000659800000, 0x0000000659c00000|  0%| F|  |TAMS 0x0000000659800000| PB 0x0000000659800000| Untracked 
| 359|0x0000000659c00000, 0x0000000659c00000, 0x000000065a000000|  0%| F|  |TAMS 0x0000000659c00000| PB 0x0000000659c00000| Untracked 
| 360|0x000000065a000000, 0x000000065a000000, 0x000000065a400000|  0%| F|  |TAMS 0x000000065a000000| PB 0x000000065a000000| Untracked 
| 361|0x000000065a400000, 0x000000065a400000, 0x000000065a800000|  0%| F|  |TAMS 0x000000065a400000| PB 0x000000065a400000| Untracked 
| 362|0x000000065a800000, 0x000000065a800000, 0x000000065ac00000|  0%| F|  |TAMS 0x000000065a800000| PB 0x000000065a800000| Untracked 
| 363|0x000000065ac00000, 0x000000065ac00000, 0x000000065b000000|  0%| F|  |TAMS 0x000000065ac00000| PB 0x000000065ac00000| Untracked 
| 364|0x000000065b000000, 0x000000065b000000, 0x000000065b400000|  0%| F|  |TAMS 0x000000065b000000| PB 0x000000065b000000| Untracked 
| 365|0x000000065b400000, 0x000000065b400000, 0x000000065b800000|  0%| F|  |TAMS 0x000000065b400000| PB 0x000000065b400000| Untracked 
| 366|0x000000065b800000, 0x000000065b800000, 0x000000065bc00000|  0%| F|  |TAMS 0x000000065b800000| PB 0x000000065b800000| Untracked 
| 367|0x000000065bc00000, 0x000000065bc00000, 0x000000065c000000|  0%| F|  |TAMS 0x000000065bc00000| PB 0x000000065bc00000| Untracked 
| 368|0x000000065c000000, 0x000000065c000000, 0x000000065c400000|  0%| F|  |TAMS 0x000000065c000000| PB 0x000000065c000000| Untracked 
| 369|0x000000065c400000, 0x000000065c400000, 0x000000065c800000|  0%| F|  |TAMS 0x000000065c400000| PB 0x000000065c400000| Untracked 
| 370|0x000000065c800000, 0x000000065c800000, 0x000000065cc00000|  0%| F|  |TAMS 0x000000065c800000| PB 0x000000065c800000| Untracked 
| 371|0x000000065cc00000, 0x000000065cc00000, 0x000000065d000000|  0%| F|  |TAMS 0x000000065cc00000| PB 0x000000065cc00000| Untracked 
| 372|0x000000065d000000, 0x000000065d000000, 0x000000065d400000|  0%| F|  |TAMS 0x000000065d000000| PB 0x000000065d000000| Untracked 
| 373|0x000000065d400000, 0x000000065d400000, 0x000000065d800000|  0%| F|  |TAMS 0x000000065d400000| PB 0x000000065d400000| Untracked 
| 374|0x000000065d800000, 0x000000065d800000, 0x000000065dc00000|  0%| F|  |TAMS 0x000000065d800000| PB 0x000000065d800000| Untracked 
| 375|0x000000065dc00000, 0x000000065dc00000, 0x000000065e000000|  0%| F|  |TAMS 0x000000065dc00000| PB 0x000000065dc00000| Untracked 
| 376|0x000000065e000000, 0x000000065e000000, 0x000000065e400000|  0%| F|  |TAMS 0x000000065e000000| PB 0x000000065e000000| Untracked 
| 377|0x000000065e400000, 0x000000065e400000, 0x000000065e800000|  0%| F|  |TAMS 0x000000065e400000| PB 0x000000065e400000| Untracked 
| 378|0x000000065e800000, 0x000000065e800000, 0x000000065ec00000|  0%| F|  |TAMS 0x000000065e800000| PB 0x000000065e800000| Untracked 
| 379|0x000000065ec00000, 0x000000065ec00000, 0x000000065f000000|  0%| F|  |TAMS 0x000000065ec00000| PB 0x000000065ec00000| Untracked 
| 380|0x000000065f000000, 0x000000065f000000, 0x000000065f400000|  0%| F|  |TAMS 0x000000065f000000| PB 0x000000065f000000| Untracked 
| 381|0x000000065f400000, 0x000000065f400000, 0x000000065f800000|  0%| F|  |TAMS 0x000000065f400000| PB 0x000000065f400000| Untracked 
| 382|0x000000065f800000, 0x000000065f800000, 0x000000065fc00000|  0%| F|  |TAMS 0x000000065f800000| PB 0x000000065f800000| Untracked 
| 383|0x000000065fc00000, 0x000000065fc00000, 0x0000000660000000|  0%| F|  |TAMS 0x000000065fc00000| PB 0x000000065fc00000| Untracked 
| 384|0x0000000660000000, 0x0000000660000000, 0x0000000660400000|  0%| F|  |TAMS 0x0000000660000000| PB 0x0000000660000000| Untracked 
| 385|0x0000000660400000, 0x0000000660400000, 0x0000000660800000|  0%| F|  |TAMS 0x0000000660400000| PB 0x0000000660400000| Untracked 
| 386|0x0000000660800000, 0x0000000660bfd878, 0x0000000660c00000| 99%| S|CS|TAMS 0x0000000660800000| PB 0x0000000660800000| Complete 
| 387|0x0000000660c00000, 0x0000000661000000, 0x0000000661000000|100%| S|CS|TAMS 0x0000000660c00000| PB 0x0000000660c00000| Complete 
| 388|0x0000000661000000, 0x0000000661400000, 0x0000000661400000|100%| S|CS|TAMS 0x0000000661000000| PB 0x0000000661000000| Complete 
| 389|0x0000000661400000, 0x0000000661800000, 0x0000000661800000|100%| S|CS|TAMS 0x0000000661400000| PB 0x0000000661400000| Complete 
| 390|0x0000000661800000, 0x0000000661c00000, 0x0000000661c00000|100%| S|CS|TAMS 0x0000000661800000| PB 0x0000000661800000| Complete 
| 391|0x0000000661c00000, 0x0000000662000000, 0x0000000662000000|100%| S|CS|TAMS 0x0000000661c00000| PB 0x0000000661c00000| Complete 
| 392|0x0000000662000000, 0x0000000662400000, 0x0000000662400000|100%| S|CS|TAMS 0x0000000662000000| PB 0x0000000662000000| Complete 
| 393|0x0000000662400000, 0x0000000662800000, 0x0000000662800000|100%| S|CS|TAMS 0x0000000662400000| PB 0x0000000662400000| Complete 
| 394|0x0000000662800000, 0x0000000662c00000, 0x0000000662c00000|100%| S|CS|TAMS 0x0000000662800000| PB 0x0000000662800000| Complete 
| 395|0x0000000662c00000, 0x0000000663000000, 0x0000000663000000|100%| S|CS|TAMS 0x0000000662c00000| PB 0x0000000662c00000| Complete 
| 396|0x0000000663000000, 0x0000000663400000, 0x0000000663400000|100%| S|CS|TAMS 0x0000000663000000| PB 0x0000000663000000| Complete 
| 397|0x0000000663400000, 0x0000000663400000, 0x0000000663800000|  0%| F|  |TAMS 0x0000000663400000| PB 0x0000000663400000| Untracked 
| 398|0x0000000663800000, 0x0000000663800000, 0x0000000663c00000|  0%| F|  |TAMS 0x0000000663800000| PB 0x0000000663800000| Untracked 
| 399|0x0000000663c00000, 0x0000000663c00000, 0x0000000664000000|  0%| F|  |TAMS 0x0000000663c00000| PB 0x0000000663c00000| Untracked 
| 400|0x0000000664000000, 0x0000000664000000, 0x0000000664400000|  0%| F|  |TAMS 0x0000000664000000| PB 0x0000000664000000| Untracked 
| 401|0x0000000664400000, 0x0000000664400000, 0x0000000664800000|  0%| F|  |TAMS 0x0000000664400000| PB 0x0000000664400000| Untracked 
| 402|0x0000000664800000, 0x0000000664800000, 0x0000000664c00000|  0%| F|  |TAMS 0x0000000664800000| PB 0x0000000664800000| Untracked 
| 403|0x0000000664c00000, 0x0000000664c00000, 0x0000000665000000|  0%| F|  |TAMS 0x0000000664c00000| PB 0x0000000664c00000| Untracked 
| 404|0x0000000665000000, 0x0000000665000000, 0x0000000665400000|  0%| F|  |TAMS 0x0000000665000000| PB 0x0000000665000000| Untracked 
| 405|0x0000000665400000, 0x0000000665400000, 0x0000000665800000|  0%| F|  |TAMS 0x0000000665400000| PB 0x0000000665400000| Untracked 
| 406|0x0000000665800000, 0x0000000665800000, 0x0000000665c00000|  0%| F|  |TAMS 0x0000000665800000| PB 0x0000000665800000| Untracked 
| 407|0x0000000665c00000, 0x0000000665c00000, 0x0000000666000000|  0%| F|  |TAMS 0x0000000665c00000| PB 0x0000000665c00000| Untracked 
| 408|0x0000000666000000, 0x0000000666000000, 0x0000000666400000|  0%| F|  |TAMS 0x0000000666000000| PB 0x0000000666000000| Untracked 
| 409|0x0000000666400000, 0x0000000666400000, 0x0000000666800000|  0%| F|  |TAMS 0x0000000666400000| PB 0x0000000666400000| Untracked 
| 410|0x0000000666800000, 0x0000000666800000, 0x0000000666c00000|  0%| F|  |TAMS 0x0000000666800000| PB 0x0000000666800000| Untracked 
| 411|0x0000000666c00000, 0x0000000666c00000, 0x0000000667000000|  0%| F|  |TAMS 0x0000000666c00000| PB 0x0000000666c00000| Untracked 
| 412|0x0000000667000000, 0x0000000667000000, 0x0000000667400000|  0%| F|  |TAMS 0x0000000667000000| PB 0x0000000667000000| Untracked 
| 413|0x0000000667400000, 0x0000000667400000, 0x0000000667800000|  0%| F|  |TAMS 0x0000000667400000| PB 0x0000000667400000| Untracked 
| 414|0x0000000667800000, 0x0000000667800000, 0x0000000667c00000|  0%| F|  |TAMS 0x0000000667800000| PB 0x0000000667800000| Untracked 
| 415|0x0000000667c00000, 0x0000000667c00000, 0x0000000668000000|  0%| F|  |TAMS 0x0000000667c00000| PB 0x0000000667c00000| Untracked 
| 416|0x0000000668000000, 0x0000000668000000, 0x0000000668400000|  0%| F|  |TAMS 0x0000000668000000| PB 0x0000000668000000| Untracked 
| 417|0x0000000668400000, 0x0000000668400000, 0x0000000668800000|  0%| F|  |TAMS 0x0000000668400000| PB 0x0000000668400000| Untracked 
| 418|0x0000000668800000, 0x0000000668800000, 0x0000000668c00000|  0%| F|  |TAMS 0x0000000668800000| PB 0x0000000668800000| Untracked 
| 419|0x0000000668c00000, 0x0000000668c00000, 0x0000000669000000|  0%| F|  |TAMS 0x0000000668c00000| PB 0x0000000668c00000| Untracked 
| 420|0x0000000669000000, 0x0000000669000000, 0x0000000669400000|  0%| F|  |TAMS 0x0000000669000000| PB 0x0000000669000000| Untracked 
| 421|0x0000000669400000, 0x0000000669400000, 0x0000000669800000|  0%| F|  |TAMS 0x0000000669400000| PB 0x0000000669400000| Untracked 
| 422|0x0000000669800000, 0x0000000669800000, 0x0000000669c00000|  0%| F|  |TAMS 0x0000000669800000| PB 0x0000000669800000| Untracked 
| 423|0x0000000669c00000, 0x0000000669c00000, 0x000000066a000000|  0%| F|  |TAMS 0x0000000669c00000| PB 0x0000000669c00000| Untracked 
| 424|0x000000066a000000, 0x000000066a000000, 0x000000066a400000|  0%| F|  |TAMS 0x000000066a000000| PB 0x000000066a000000| Untracked 
| 425|0x000000066a400000, 0x000000066a400000, 0x000000066a800000|  0%| F|  |TAMS 0x000000066a400000| PB 0x000000066a400000| Untracked 
| 426|0x000000066a800000, 0x000000066a800000, 0x000000066ac00000|  0%| F|  |TAMS 0x000000066a800000| PB 0x000000066a800000| Untracked 
| 427|0x000000066ac00000, 0x000000066ac00000, 0x000000066b000000|  0%| F|  |TAMS 0x000000066ac00000| PB 0x000000066ac00000| Untracked 
| 428|0x000000066b000000, 0x000000066b000000, 0x000000066b400000|  0%| F|  |TAMS 0x000000066b000000| PB 0x000000066b000000| Untracked 
| 429|0x000000066b400000, 0x000000066b400000, 0x000000066b800000|  0%| F|  |TAMS 0x000000066b400000| PB 0x000000066b400000| Untracked 
| 430|0x000000066b800000, 0x000000066b800000, 0x000000066bc00000|  0%| F|  |TAMS 0x000000066b800000| PB 0x000000066b800000| Untracked 
| 431|0x000000066bc00000, 0x000000066bc00000, 0x000000066c000000|  0%| F|  |TAMS 0x000000066bc00000| PB 0x000000066bc00000| Untracked 
| 432|0x000000066c000000, 0x000000066c000000, 0x000000066c400000|  0%| F|  |TAMS 0x000000066c000000| PB 0x000000066c000000| Untracked 
| 433|0x000000066c400000, 0x000000066c400000, 0x000000066c800000|  0%| F|  |TAMS 0x000000066c400000| PB 0x000000066c400000| Untracked 
| 434|0x000000066c800000, 0x000000066c800000, 0x000000066cc00000|  0%| F|  |TAMS 0x000000066c800000| PB 0x000000066c800000| Untracked 
| 435|0x000000066cc00000, 0x000000066cc00000, 0x000000066d000000|  0%| F|  |TAMS 0x000000066cc00000| PB 0x000000066cc00000| Untracked 
| 436|0x000000066d000000, 0x000000066d000000, 0x000000066d400000|  0%| F|  |TAMS 0x000000066d000000| PB 0x000000066d000000| Untracked 
| 437|0x000000066d400000, 0x000000066d400000, 0x000000066d800000|  0%| F|  |TAMS 0x000000066d400000| PB 0x000000066d400000| Untracked 
| 438|0x000000066d800000, 0x000000066d800000, 0x000000066dc00000|  0%| F|  |TAMS 0x000000066d800000| PB 0x000000066d800000| Untracked 
| 439|0x000000066dc00000, 0x000000066dc00000, 0x000000066e000000|  0%| F|  |TAMS 0x000000066dc00000| PB 0x000000066dc00000| Untracked 
| 440|0x000000066e000000, 0x000000066e000000, 0x000000066e400000|  0%| F|  |TAMS 0x000000066e000000| PB 0x000000066e000000| Untracked 
| 441|0x000000066e400000, 0x000000066e400000, 0x000000066e800000|  0%| F|  |TAMS 0x000000066e400000| PB 0x000000066e400000| Untracked 
| 442|0x000000066e800000, 0x000000066e800000, 0x000000066ec00000|  0%| F|  |TAMS 0x000000066e800000| PB 0x000000066e800000| Untracked 
| 443|0x000000066ec00000, 0x000000066ec00000, 0x000000066f000000|  0%| F|  |TAMS 0x000000066ec00000| PB 0x000000066ec00000| Untracked 
| 444|0x000000066f000000, 0x000000066f000000, 0x000000066f400000|  0%| F|  |TAMS 0x000000066f000000| PB 0x000000066f000000| Untracked 
| 445|0x000000066f400000, 0x000000066f400000, 0x000000066f800000|  0%| F|  |TAMS 0x000000066f400000| PB 0x000000066f400000| Untracked 
| 446|0x000000066f800000, 0x000000066f800000, 0x000000066fc00000|  0%| F|  |TAMS 0x000000066f800000| PB 0x000000066f800000| Untracked 
| 447|0x000000066fc00000, 0x000000066fc00000, 0x0000000670000000|  0%| F|  |TAMS 0x000000066fc00000| PB 0x000000066fc00000| Untracked 
| 448|0x0000000670000000, 0x0000000670000000, 0x0000000670400000|  0%| F|  |TAMS 0x0000000670000000| PB 0x0000000670000000| Untracked 
| 449|0x0000000670400000, 0x0000000670400000, 0x0000000670800000|  0%| F|  |TAMS 0x0000000670400000| PB 0x0000000670400000| Untracked 
| 450|0x0000000670800000, 0x0000000670800000, 0x0000000670c00000|  0%| F|  |TAMS 0x0000000670800000| PB 0x0000000670800000| Untracked 
| 451|0x0000000670c00000, 0x0000000670c00000, 0x0000000671000000|  0%| F|  |TAMS 0x0000000670c00000| PB 0x0000000670c00000| Untracked 
| 452|0x0000000671000000, 0x0000000671000000, 0x0000000671400000|  0%| F|  |TAMS 0x0000000671000000| PB 0x0000000671000000| Untracked 
| 453|0x0000000671400000, 0x0000000671400000, 0x0000000671800000|  0%| F|  |TAMS 0x0000000671400000| PB 0x0000000671400000| Untracked 
| 454|0x0000000671800000, 0x0000000671800000, 0x0000000671c00000|  0%| F|  |TAMS 0x0000000671800000| PB 0x0000000671800000| Untracked 
| 455|0x0000000671c00000, 0x0000000671c00000, 0x0000000672000000|  0%| F|  |TAMS 0x0000000671c00000| PB 0x0000000671c00000| Untracked 
| 456|0x0000000672000000, 0x0000000672000000, 0x0000000672400000|  0%| F|  |TAMS 0x0000000672000000| PB 0x0000000672000000| Untracked 
| 457|0x0000000672400000, 0x0000000672400000, 0x0000000672800000|  0%| F|  |TAMS 0x0000000672400000| PB 0x0000000672400000| Untracked 
| 458|0x0000000672800000, 0x0000000672800000, 0x0000000672c00000|  0%| F|  |TAMS 0x0000000672800000| PB 0x0000000672800000| Untracked 
| 459|0x0000000672c00000, 0x0000000672c00000, 0x0000000673000000|  0%| F|  |TAMS 0x0000000672c00000| PB 0x0000000672c00000| Untracked 
| 460|0x0000000673000000, 0x0000000673000000, 0x0000000673400000|  0%| F|  |TAMS 0x0000000673000000| PB 0x0000000673000000| Untracked 
| 461|0x0000000673400000, 0x0000000673400000, 0x0000000673800000|  0%| F|  |TAMS 0x0000000673400000| PB 0x0000000673400000| Untracked 
| 462|0x0000000673800000, 0x0000000673800000, 0x0000000673c00000|  0%| F|  |TAMS 0x0000000673800000| PB 0x0000000673800000| Untracked 
| 463|0x0000000673c00000, 0x0000000673c00000, 0x0000000674000000|  0%| F|  |TAMS 0x0000000673c00000| PB 0x0000000673c00000| Untracked 
| 464|0x0000000674000000, 0x0000000674000000, 0x0000000674400000|  0%| F|  |TAMS 0x0000000674000000| PB 0x0000000674000000| Untracked 
| 465|0x0000000674400000, 0x0000000674400000, 0x0000000674800000|  0%| F|  |TAMS 0x0000000674400000| PB 0x0000000674400000| Untracked 
| 466|0x0000000674800000, 0x0000000674800000, 0x0000000674c00000|  0%| F|  |TAMS 0x0000000674800000| PB 0x0000000674800000| Untracked 
| 467|0x0000000674c00000, 0x0000000674c00000, 0x0000000675000000|  0%| F|  |TAMS 0x0000000674c00000| PB 0x0000000674c00000| Untracked 
| 468|0x0000000675000000, 0x0000000675000000, 0x0000000675400000|  0%| F|  |TAMS 0x0000000675000000| PB 0x0000000675000000| Untracked 
| 469|0x0000000675400000, 0x0000000675400000, 0x0000000675800000|  0%| F|  |TAMS 0x0000000675400000| PB 0x0000000675400000| Untracked 
| 470|0x0000000675800000, 0x0000000675800000, 0x0000000675c00000|  0%| F|  |TAMS 0x0000000675800000| PB 0x0000000675800000| Untracked 
| 471|0x0000000675c00000, 0x0000000675c00000, 0x0000000676000000|  0%| F|  |TAMS 0x0000000675c00000| PB 0x0000000675c00000| Untracked 
| 472|0x0000000676000000, 0x0000000676000000, 0x0000000676400000|  0%| F|  |TAMS 0x0000000676000000| PB 0x0000000676000000| Untracked 
| 473|0x0000000676400000, 0x0000000676400000, 0x0000000676800000|  0%| F|  |TAMS 0x0000000676400000| PB 0x0000000676400000| Untracked 
| 474|0x0000000676800000, 0x0000000676800000, 0x0000000676c00000|  0%| F|  |TAMS 0x0000000676800000| PB 0x0000000676800000| Untracked 
| 475|0x0000000676c00000, 0x0000000676c00000, 0x0000000677000000|  0%| F|  |TAMS 0x0000000676c00000| PB 0x0000000676c00000| Untracked 
| 476|0x0000000677000000, 0x0000000677000000, 0x0000000677400000|  0%| F|  |TAMS 0x0000000677000000| PB 0x0000000677000000| Untracked 
| 477|0x0000000677400000, 0x00000006777fd8c0, 0x0000000677800000| 99%| E|  |TAMS 0x0000000677400000| PB 0x0000000677400000| Complete 
| 478|0x0000000677800000, 0x0000000677c00000, 0x0000000677c00000|100%| E|CS|TAMS 0x0000000677800000| PB 0x0000000677800000| Complete 
| 479|0x0000000677c00000, 0x0000000678000000, 0x0000000678000000|100%| E|CS|TAMS 0x0000000677c00000| PB 0x0000000677c00000| Complete 
| 480|0x0000000678000000, 0x0000000678400000, 0x0000000678400000|100%| E|CS|TAMS 0x0000000678000000| PB 0x0000000678000000| Complete 
| 481|0x0000000678400000, 0x0000000678800000, 0x0000000678800000|100%| E|CS|TAMS 0x0000000678400000| PB 0x0000000678400000| Complete 
| 482|0x0000000678800000, 0x0000000678c00000, 0x0000000678c00000|100%| E|CS|TAMS 0x0000000678800000| PB 0x0000000678800000| Complete 
| 483|0x0000000678c00000, 0x0000000679000000, 0x0000000679000000|100%| E|CS|TAMS 0x0000000678c00000| PB 0x0000000678c00000| Complete 
| 484|0x0000000679000000, 0x0000000679400000, 0x0000000679400000|100%| E|CS|TAMS 0x0000000679000000| PB 0x0000000679000000| Complete 
| 485|0x0000000679400000, 0x0000000679800000, 0x0000000679800000|100%| E|CS|TAMS 0x0000000679400000| PB 0x0000000679400000| Complete 
| 486|0x0000000679800000, 0x0000000679c00000, 0x0000000679c00000|100%| E|CS|TAMS 0x0000000679800000| PB 0x0000000679800000| Complete 
| 487|0x0000000679c00000, 0x000000067a000000, 0x000000067a000000|100%| E|CS|TAMS 0x0000000679c00000| PB 0x0000000679c00000| Complete 
| 488|0x000000067a000000, 0x000000067a400000, 0x000000067a400000|100%| E|CS|TAMS 0x000000067a000000| PB 0x000000067a000000| Complete 
| 489|0x000000067a400000, 0x000000067a800000, 0x000000067a800000|100%| E|CS|TAMS 0x000000067a400000| PB 0x000000067a400000| Complete 
| 490|0x000000067a800000, 0x000000067ac00000, 0x000000067ac00000|100%| E|CS|TAMS 0x000000067a800000| PB 0x000000067a800000| Complete 
| 491|0x000000067ac00000, 0x000000067b000000, 0x000000067b000000|100%| E|CS|TAMS 0x000000067ac00000| PB 0x000000067ac00000| Complete 
| 492|0x000000067b000000, 0x000000067b400000, 0x000000067b400000|100%| E|CS|TAMS 0x000000067b000000| PB 0x000000067b000000| Complete 
| 493|0x000000067b400000, 0x000000067b800000, 0x000000067b800000|100%| E|CS|TAMS 0x000000067b400000| PB 0x000000067b400000| Complete 
| 494|0x000000067b800000, 0x000000067bc00000, 0x000000067bc00000|100%| E|CS|TAMS 0x000000067b800000| PB 0x000000067b800000| Complete 
| 495|0x000000067bc00000, 0x000000067c000000, 0x000000067c000000|100%| E|CS|TAMS 0x000000067bc00000| PB 0x000000067bc00000| Complete 
| 496|0x000000067c000000, 0x000000067c400000, 0x000000067c400000|100%| E|CS|TAMS 0x000000067c000000| PB 0x000000067c000000| Complete 
| 497|0x000000067c400000, 0x000000067c800000, 0x000000067c800000|100%| E|CS|TAMS 0x000000067c400000| PB 0x000000067c400000| Complete 
| 498|0x000000067c800000, 0x000000067cc00000, 0x000000067cc00000|100%| E|CS|TAMS 0x000000067c800000| PB 0x000000067c800000| Complete 
| 499|0x000000067cc00000, 0x000000067d000000, 0x000000067d000000|100%| E|CS|TAMS 0x000000067cc00000| PB 0x000000067cc00000| Complete 
| 500|0x000000067d000000, 0x000000067d400000, 0x000000067d400000|100%| E|CS|TAMS 0x000000067d000000| PB 0x000000067d000000| Complete 
| 501|0x000000067d400000, 0x000000067d800000, 0x000000067d800000|100%| E|CS|TAMS 0x000000067d400000| PB 0x000000067d400000| Complete 
| 502|0x000000067d800000, 0x000000067dc00000, 0x000000067dc00000|100%| E|CS|TAMS 0x000000067d800000| PB 0x000000067d800000| Complete 
| 503|0x000000067dc00000, 0x000000067e000000, 0x000000067e000000|100%| E|CS|TAMS 0x000000067dc00000| PB 0x000000067dc00000| Complete 
| 504|0x000000067e000000, 0x000000067e400000, 0x000000067e400000|100%| E|CS|TAMS 0x000000067e000000| PB 0x000000067e000000| Complete 
| 505|0x000000067e400000, 0x000000067e800000, 0x000000067e800000|100%| E|CS|TAMS 0x000000067e400000| PB 0x000000067e400000| Complete 
| 506|0x000000067e800000, 0x000000067ec00000, 0x000000067ec00000|100%| E|CS|TAMS 0x000000067e800000| PB 0x000000067e800000| Complete 
| 507|0x000000067ec00000, 0x000000067f000000, 0x000000067f000000|100%| E|CS|TAMS 0x000000067ec00000| PB 0x000000067ec00000| Complete 
| 508|0x000000067f000000, 0x000000067f400000, 0x000000067f400000|100%| E|CS|TAMS 0x000000067f000000| PB 0x000000067f000000| Complete 
| 509|0x000000067f400000, 0x000000067f800000, 0x000000067f800000|100%| E|CS|TAMS 0x000000067f400000| PB 0x000000067f400000| Complete 
| 510|0x000000067f800000, 0x000000067fc00000, 0x000000067fc00000|100%| E|CS|TAMS 0x000000067f800000| PB 0x000000067f800000| Complete 
| 511|0x000000067fc00000, 0x0000000680000000, 0x0000000680000000|100%| E|CS|TAMS 0x000000067fc00000| PB 0x000000067fc00000| Complete 
| 512|0x0000000680000000, 0x0000000680400000, 0x0000000680400000|100%| E|CS|TAMS 0x0000000680000000| PB 0x0000000680000000| Complete 
| 513|0x0000000680400000, 0x0000000680800000, 0x0000000680800000|100%| E|CS|TAMS 0x0000000680400000| PB 0x0000000680400000| Complete 
| 514|0x0000000680800000, 0x0000000680c00000, 0x0000000680c00000|100%| E|CS|TAMS 0x0000000680800000| PB 0x0000000680800000| Complete 
| 515|0x0000000680c00000, 0x0000000681000000, 0x0000000681000000|100%| E|CS|TAMS 0x0000000680c00000| PB 0x0000000680c00000| Complete 
| 516|0x0000000681000000, 0x0000000681400000, 0x0000000681400000|100%| E|CS|TAMS 0x0000000681000000| PB 0x0000000681000000| Complete 
| 517|0x0000000681400000, 0x0000000681800000, 0x0000000681800000|100%| E|CS|TAMS 0x0000000681400000| PB 0x0000000681400000| Complete 
| 518|0x0000000681800000, 0x0000000681c00000, 0x0000000681c00000|100%| E|CS|TAMS 0x0000000681800000| PB 0x0000000681800000| Complete 
| 519|0x0000000681c00000, 0x0000000682000000, 0x0000000682000000|100%| E|CS|TAMS 0x0000000681c00000| PB 0x0000000681c00000| Complete 
| 520|0x0000000682000000, 0x0000000682400000, 0x0000000682400000|100%| E|CS|TAMS 0x0000000682000000| PB 0x0000000682000000| Complete 
| 521|0x0000000682400000, 0x0000000682800000, 0x0000000682800000|100%| E|CS|TAMS 0x0000000682400000| PB 0x0000000682400000| Complete 
| 522|0x0000000682800000, 0x0000000682c00000, 0x0000000682c00000|100%| E|CS|TAMS 0x0000000682800000| PB 0x0000000682800000| Complete 
| 523|0x0000000682c00000, 0x0000000683000000, 0x0000000683000000|100%| E|CS|TAMS 0x0000000682c00000| PB 0x0000000682c00000| Complete 
| 524|0x0000000683000000, 0x0000000683400000, 0x0000000683400000|100%| E|CS|TAMS 0x0000000683000000| PB 0x0000000683000000| Complete 
| 525|0x0000000683400000, 0x0000000683800000, 0x0000000683800000|100%| E|CS|TAMS 0x0000000683400000| PB 0x0000000683400000| Complete 
| 526|0x0000000683800000, 0x0000000683c00000, 0x0000000683c00000|100%| E|CS|TAMS 0x0000000683800000| PB 0x0000000683800000| Complete 
| 527|0x0000000683c00000, 0x0000000684000000, 0x0000000684000000|100%| E|CS|TAMS 0x0000000683c00000| PB 0x0000000683c00000| Complete 
| 528|0x0000000684000000, 0x0000000684400000, 0x0000000684400000|100%| E|CS|TAMS 0x0000000684000000| PB 0x0000000684000000| Complete 
| 529|0x0000000684400000, 0x0000000684800000, 0x0000000684800000|100%| E|CS|TAMS 0x0000000684400000| PB 0x0000000684400000| Complete 
| 530|0x0000000684800000, 0x0000000684c00000, 0x0000000684c00000|100%| E|CS|TAMS 0x0000000684800000| PB 0x0000000684800000| Complete 
| 531|0x0000000684c00000, 0x0000000685000000, 0x0000000685000000|100%| E|CS|TAMS 0x0000000684c00000| PB 0x0000000684c00000| Complete 
| 532|0x0000000685000000, 0x0000000685400000, 0x0000000685400000|100%| E|CS|TAMS 0x0000000685000000| PB 0x0000000685000000| Complete 
| 533|0x0000000685400000, 0x0000000685800000, 0x0000000685800000|100%| E|CS|TAMS 0x0000000685400000| PB 0x0000000685400000| Complete 
| 534|0x0000000685800000, 0x0000000685c00000, 0x0000000685c00000|100%| E|CS|TAMS 0x0000000685800000| PB 0x0000000685800000| Complete 
| 535|0x0000000685c00000, 0x0000000686000000, 0x0000000686000000|100%| E|CS|TAMS 0x0000000685c00000| PB 0x0000000685c00000| Complete 
| 536|0x0000000686000000, 0x0000000686400000, 0x0000000686400000|100%| E|CS|TAMS 0x0000000686000000| PB 0x0000000686000000| Complete 
| 537|0x0000000686400000, 0x0000000686800000, 0x0000000686800000|100%| E|CS|TAMS 0x0000000686400000| PB 0x0000000686400000| Complete 
| 538|0x0000000686800000, 0x0000000686c00000, 0x0000000686c00000|100%| E|CS|TAMS 0x0000000686800000| PB 0x0000000686800000| Complete 
| 539|0x0000000686c00000, 0x0000000687000000, 0x0000000687000000|100%| E|CS|TAMS 0x0000000686c00000| PB 0x0000000686c00000| Complete 
| 540|0x0000000687000000, 0x0000000687400000, 0x0000000687400000|100%| E|CS|TAMS 0x0000000687000000| PB 0x0000000687000000| Complete 
| 541|0x0000000687400000, 0x0000000687800000, 0x0000000687800000|100%| E|CS|TAMS 0x0000000687400000| PB 0x0000000687400000| Complete 
| 542|0x0000000687800000, 0x0000000687c00000, 0x0000000687c00000|100%| E|CS|TAMS 0x0000000687800000| PB 0x0000000687800000| Complete 
| 543|0x0000000687c00000, 0x0000000688000000, 0x0000000688000000|100%| E|CS|TAMS 0x0000000687c00000| PB 0x0000000687c00000| Complete 
| 544|0x0000000688000000, 0x0000000688400000, 0x0000000688400000|100%| E|CS|TAMS 0x0000000688000000| PB 0x0000000688000000| Complete 
| 545|0x0000000688400000, 0x0000000688800000, 0x0000000688800000|100%| E|CS|TAMS 0x0000000688400000| PB 0x0000000688400000| Complete 
| 546|0x0000000688800000, 0x0000000688c00000, 0x0000000688c00000|100%| E|CS|TAMS 0x0000000688800000| PB 0x0000000688800000| Complete 
| 547|0x0000000688c00000, 0x0000000689000000, 0x0000000689000000|100%| E|CS|TAMS 0x0000000688c00000| PB 0x0000000688c00000| Complete 
| 548|0x0000000689000000, 0x0000000689400000, 0x0000000689400000|100%| E|CS|TAMS 0x0000000689000000| PB 0x0000000689000000| Complete 
| 549|0x0000000689400000, 0x0000000689800000, 0x0000000689800000|100%| E|CS|TAMS 0x0000000689400000| PB 0x0000000689400000| Complete 
| 550|0x0000000689800000, 0x0000000689c00000, 0x0000000689c00000|100%| E|CS|TAMS 0x0000000689800000| PB 0x0000000689800000| Complete 
| 551|0x0000000689c00000, 0x000000068a000000, 0x000000068a000000|100%| E|CS|TAMS 0x0000000689c00000| PB 0x0000000689c00000| Complete 
| 552|0x000000068a000000, 0x000000068a400000, 0x000000068a400000|100%| E|CS|TAMS 0x000000068a000000| PB 0x000000068a000000| Complete 
| 553|0x000000068a400000, 0x000000068a800000, 0x000000068a800000|100%| E|CS|TAMS 0x000000068a400000| PB 0x000000068a400000| Complete 
| 554|0x000000068a800000, 0x000000068ac00000, 0x000000068ac00000|100%| E|CS|TAMS 0x000000068a800000| PB 0x000000068a800000| Complete 
| 555|0x000000068ac00000, 0x000000068b000000, 0x000000068b000000|100%| E|CS|TAMS 0x000000068ac00000| PB 0x000000068ac00000| Complete 
| 556|0x000000068b000000, 0x000000068b400000, 0x000000068b400000|100%| E|CS|TAMS 0x000000068b000000| PB 0x000000068b000000| Complete 
| 557|0x000000068b400000, 0x000000068b800000, 0x000000068b800000|100%| E|CS|TAMS 0x000000068b400000| PB 0x000000068b400000| Complete 
| 558|0x000000068b800000, 0x000000068bc00000, 0x000000068bc00000|100%| E|CS|TAMS 0x000000068b800000| PB 0x000000068b800000| Complete 
| 559|0x000000068bc00000, 0x000000068c000000, 0x000000068c000000|100%| E|CS|TAMS 0x000000068bc00000| PB 0x000000068bc00000| Complete 
| 560|0x000000068c000000, 0x000000068c400000, 0x000000068c400000|100%| E|CS|TAMS 0x000000068c000000| PB 0x000000068c000000| Complete 
| 561|0x000000068c400000, 0x000000068c800000, 0x000000068c800000|100%| E|CS|TAMS 0x000000068c400000| PB 0x000000068c400000| Complete 
| 562|0x000000068c800000, 0x000000068cc00000, 0x000000068cc00000|100%| E|CS|TAMS 0x000000068c800000| PB 0x000000068c800000| Complete 
| 563|0x000000068cc00000, 0x000000068d000000, 0x000000068d000000|100%| E|CS|TAMS 0x000000068cc00000| PB 0x000000068cc00000| Complete 
| 564|0x000000068d000000, 0x000000068d400000, 0x000000068d400000|100%| E|CS|TAMS 0x000000068d000000| PB 0x000000068d000000| Complete 
| 565|0x000000068d400000, 0x000000068d800000, 0x000000068d800000|100%| E|CS|TAMS 0x000000068d400000| PB 0x000000068d400000| Complete 
| 566|0x000000068d800000, 0x000000068dc00000, 0x000000068dc00000|100%| E|CS|TAMS 0x000000068d800000| PB 0x000000068d800000| Complete 
| 567|0x000000068dc00000, 0x000000068e000000, 0x000000068e000000|100%| E|CS|TAMS 0x000000068dc00000| PB 0x000000068dc00000| Complete 
| 568|0x000000068e000000, 0x000000068e400000, 0x000000068e400000|100%| E|CS|TAMS 0x000000068e000000| PB 0x000000068e000000| Complete 
| 569|0x000000068e400000, 0x000000068e800000, 0x000000068e800000|100%| E|CS|TAMS 0x000000068e400000| PB 0x000000068e400000| Complete 
| 570|0x000000068e800000, 0x000000068ec00000, 0x000000068ec00000|100%| E|CS|TAMS 0x000000068e800000| PB 0x000000068e800000| Complete 
| 571|0x000000068ec00000, 0x000000068f000000, 0x000000068f000000|100%| E|CS|TAMS 0x000000068ec00000| PB 0x000000068ec00000| Complete 
| 572|0x000000068f000000, 0x000000068f400000, 0x000000068f400000|100%| E|CS|TAMS 0x000000068f000000| PB 0x000000068f000000| Complete 
| 573|0x000000068f400000, 0x000000068f800000, 0x000000068f800000|100%| E|CS|TAMS 0x000000068f400000| PB 0x000000068f400000| Complete 
| 574|0x000000068f800000, 0x000000068fc00000, 0x000000068fc00000|100%| E|CS|TAMS 0x000000068f800000| PB 0x000000068f800000| Complete 
| 575|0x000000068fc00000, 0x0000000690000000, 0x0000000690000000|100%| E|CS|TAMS 0x000000068fc00000| PB 0x000000068fc00000| Complete 
| 576|0x0000000690000000, 0x0000000690400000, 0x0000000690400000|100%| E|CS|TAMS 0x0000000690000000| PB 0x0000000690000000| Complete 
| 577|0x0000000690400000, 0x0000000690800000, 0x0000000690800000|100%| E|CS|TAMS 0x0000000690400000| PB 0x0000000690400000| Complete 
| 578|0x0000000690800000, 0x0000000690c00000, 0x0000000690c00000|100%| E|CS|TAMS 0x0000000690800000| PB 0x0000000690800000| Complete 
| 579|0x0000000690c00000, 0x0000000691000000, 0x0000000691000000|100%| E|CS|TAMS 0x0000000690c00000| PB 0x0000000690c00000| Complete 
| 580|0x0000000691000000, 0x0000000691400000, 0x0000000691400000|100%| E|CS|TAMS 0x0000000691000000| PB 0x0000000691000000| Complete 
| 581|0x0000000691400000, 0x0000000691800000, 0x0000000691800000|100%| E|CS|TAMS 0x0000000691400000| PB 0x0000000691400000| Complete 
| 582|0x0000000691800000, 0x0000000691c00000, 0x0000000691c00000|100%| E|CS|TAMS 0x0000000691800000| PB 0x0000000691800000| Complete 
| 583|0x0000000691c00000, 0x0000000692000000, 0x0000000692000000|100%| E|CS|TAMS 0x0000000691c00000| PB 0x0000000691c00000| Complete 
| 584|0x0000000692000000, 0x0000000692400000, 0x0000000692400000|100%| E|CS|TAMS 0x0000000692000000| PB 0x0000000692000000| Complete 
| 585|0x0000000692400000, 0x0000000692800000, 0x0000000692800000|100%| E|CS|TAMS 0x0000000692400000| PB 0x0000000692400000| Complete 
|1942|0x00000007e5800000, 0x00000007e5c00000, 0x00000007e5c00000|100%| O|  |TAMS 0x00000007e5c00000| PB 0x00000007e5800000| Updating 
|1943|0x00000007e5c00000, 0x00000007e6000000, 0x00000007e6000000|100%| O|  |TAMS 0x00000007e6000000| PB 0x00000007e5c00000| Updating 
|1944|0x00000007e6000000, 0x00000007e6400000, 0x00000007e6400000|100%| O|  |TAMS 0x00000007e6400000| PB 0x00000007e6000000| Updating 
|1945|0x00000007e6400000, 0x00000007e6800000, 0x00000007e6800000|100%| O|  |TAMS 0x00000007e6800000| PB 0x00000007e6400000| Updating 
|1946|0x00000007e6800000, 0x00000007e6c00000, 0x00000007e6c00000|100%| O|  |TAMS 0x00000007e6c00000| PB 0x00000007e6800000| Updating 
|1947|0x00000007e6c00000, 0x00000007e7000000, 0x00000007e7000000|100%| O|  |TAMS 0x00000007e7000000| PB 0x00000007e6c00000| Updating 
|1948|0x00000007e7000000, 0x00000007e7400000, 0x00000007e7400000|100%| O|  |TAMS 0x00000007e7400000| PB 0x00000007e7000000| Untracked 
|1949|0x00000007e7400000, 0x00000007e7800000, 0x00000007e7800000|100%| O|  |TAMS 0x00000007e7800000| PB 0x00000007e7400000| Untracked 
|1950|0x00000007e7800000, 0x00000007e7c00000, 0x00000007e7c00000|100%| O|  |TAMS 0x00000007e7c00000| PB 0x00000007e7800000| Untracked 
|1951|0x00000007e7c00000, 0x00000007e8000000, 0x00000007e8000000|100%| O|  |TAMS 0x00000007e8000000| PB 0x00000007e7c00000| Untracked 
|1952|0x00000007e8000000, 0x00000007e8400000, 0x00000007e8400000|100%| O|  |TAMS 0x00000007e8400000| PB 0x00000007e8000000| Untracked 
|1953|0x00000007e8400000, 0x00000007e8800000, 0x00000007e8800000|100%| O|  |TAMS 0x00000007e8800000| PB 0x00000007e8400000| Untracked 
|1954|0x00000007e8800000, 0x00000007e8c00000, 0x00000007e8c00000|100%| O|  |TAMS 0x00000007e8c00000| PB 0x00000007e8800000| Untracked 
|1955|0x00000007e8c00000, 0x00000007e9000000, 0x00000007e9000000|100%| O|  |TAMS 0x00000007e9000000| PB 0x00000007e8c00000| Untracked 
|1956|0x00000007e9000000, 0x00000007e9400000, 0x00000007e9400000|100%| O|  |TAMS 0x00000007e9400000| PB 0x00000007e9000000| Untracked 
|1957|0x00000007e9400000, 0x00000007e9800000, 0x00000007e9800000|100%| O|  |TAMS 0x00000007e9800000| PB 0x00000007e9400000| Untracked 
|1958|0x00000007e9800000, 0x00000007e9c00000, 0x00000007e9c00000|100%| O|  |TAMS 0x00000007e9c00000| PB 0x00000007e9800000| Untracked 
|1959|0x00000007e9c00000, 0x00000007ea000000, 0x00000007ea000000|100%| O|  |TAMS 0x00000007ea000000| PB 0x00000007e9c00000| Untracked 
|1960|0x00000007ea000000, 0x00000007ea400000, 0x00000007ea400000|100%| O|  |TAMS 0x00000007ea400000| PB 0x00000007ea000000| Untracked 
|1961|0x00000007ea400000, 0x00000007ea800000, 0x00000007ea800000|100%| O|  |TAMS 0x00000007ea800000| PB 0x00000007ea400000| Untracked 
|1962|0x00000007ea800000, 0x00000007eac00000, 0x00000007eac00000|100%| O|  |TAMS 0x00000007eac00000| PB 0x00000007ea800000| Untracked 
|1963|0x00000007eac00000, 0x00000007eb000000, 0x00000007eb000000|100%| O|  |TAMS 0x00000007eb000000| PB 0x00000007eb000000| Untracked 
|1964|0x00000007eb000000, 0x00000007eb400000, 0x00000007eb400000|100%| O|  |TAMS 0x00000007eb400000| PB 0x00000007eb400000| Untracked 
|1965|0x00000007eb400000, 0x00000007eb800000, 0x00000007eb800000|100%| O|  |TAMS 0x00000007eb800000| PB 0x00000007eb800000| Untracked 
|1966|0x00000007eb800000, 0x00000007ebc00000, 0x00000007ebc00000|100%| O|  |TAMS 0x00000007ebc00000| PB 0x00000007ebc00000| Untracked 
|1967|0x00000007ebc00000, 0x00000007ec000000, 0x00000007ec000000|100%| O|  |TAMS 0x00000007ec000000| PB 0x00000007ec000000| Untracked 
|1968|0x00000007ec000000, 0x00000007ec400000, 0x00000007ec400000|100%| O|  |TAMS 0x00000007ec400000| PB 0x00000007ec400000| Untracked 
|1969|0x00000007ec400000, 0x00000007ec800000, 0x00000007ec800000|100%| O|  |TAMS 0x00000007ec800000| PB 0x00000007ec800000| Untracked 
|1970|0x00000007ec800000, 0x00000007ecc00000, 0x00000007ecc00000|100%| O|  |TAMS 0x00000007ecc00000| PB 0x00000007ecc00000| Untracked 
|1971|0x00000007ecc00000, 0x00000007ed000000, 0x00000007ed000000|100%| O|  |TAMS 0x00000007ed000000| PB 0x00000007ed000000| Untracked 
|1972|0x00000007ed000000, 0x00000007ed400000, 0x00000007ed400000|100%| O|  |TAMS 0x00000007ed400000| PB 0x00000007ed400000| Untracked 
|1973|0x00000007ed400000, 0x00000007ed800000, 0x00000007ed800000|100%| O|  |TAMS 0x00000007ed800000| PB 0x00000007ed800000| Untracked 
|1974|0x00000007ed800000, 0x00000007edc00000, 0x00000007edc00000|100%| O|  |TAMS 0x00000007edc00000| PB 0x00000007edc00000| Untracked 
|1975|0x00000007edc00000, 0x00000007ee000000, 0x00000007ee000000|100%| O|  |TAMS 0x00000007ee000000| PB 0x00000007ee000000| Untracked 
|1976|0x00000007ee000000, 0x00000007ee400000, 0x00000007ee400000|100%| O|  |TAMS 0x00000007ee400000| PB 0x00000007ee400000| Untracked 
|1977|0x00000007ee400000, 0x00000007ee800000, 0x00000007ee800000|100%| O|  |TAMS 0x00000007ee800000| PB 0x00000007ee800000| Untracked 
|1978|0x00000007ee800000, 0x00000007eec00000, 0x00000007eec00000|100%| O|  |TAMS 0x00000007eec00000| PB 0x00000007eec00000| Untracked 
|1979|0x00000007eec00000, 0x00000007ef000000, 0x00000007ef000000|100%| O|  |TAMS 0x00000007ef000000| PB 0x00000007ef000000| Untracked 
|1980|0x00000007ef000000, 0x00000007ef400000, 0x00000007ef400000|100%| O|  |TAMS 0x00000007ef400000| PB 0x00000007ef400000| Updating 
|1981|0x00000007ef400000, 0x00000007ef800000, 0x00000007ef800000|100%| O|  |TAMS 0x00000007ef800000| PB 0x00000007ef800000| Updating 
|1982|0x00000007ef800000, 0x00000007efc00000, 0x00000007efc00000|100%| O|  |TAMS 0x00000007efc00000| PB 0x00000007efc00000| Updating 
|1983|0x00000007efc00000, 0x00000007f0000000, 0x00000007f0000000|100%| O|  |TAMS 0x00000007f0000000| PB 0x00000007f0000000| Updating 
|1984|0x00000007f0000000, 0x00000007f0400000, 0x00000007f0400000|100%| O|  |TAMS 0x00000007f0400000| PB 0x00000007f0400000| Updating 
|1985|0x00000007f0400000, 0x00000007f0800000, 0x00000007f0800000|100%| O|  |TAMS 0x00000007f0800000| PB 0x00000007f0800000| Updating 
|1986|0x00000007f0800000, 0x00000007f0c00000, 0x00000007f0c00000|100%| O|  |TAMS 0x00000007f0c00000| PB 0x00000007f0c00000| Updating 
|1987|0x00000007f0c00000, 0x00000007f1000000, 0x00000007f1000000|100%| O|  |TAMS 0x00000007f1000000| PB 0x00000007f1000000| Updating 
|1988|0x00000007f1000000, 0x00000007f1400000, 0x00000007f1400000|100%| O|  |TAMS 0x00000007f1400000| PB 0x00000007f1400000| Updating 
|1989|0x00000007f1400000, 0x00000007f1800000, 0x00000007f1800000|100%| O|  |TAMS 0x00000007f1800000| PB 0x00000007f1800000| Updating 
|1990|0x00000007f1800000, 0x00000007f1c00000, 0x00000007f1c00000|100%| O|  |TAMS 0x00000007f1c00000| PB 0x00000007f1c00000| Updating 
|1991|0x00000007f1c00000, 0x00000007f2000000, 0x00000007f2000000|100%| O|  |TAMS 0x00000007f2000000| PB 0x00000007f2000000| Updating 
|1992|0x00000007f2000000, 0x00000007f2400000, 0x00000007f2400000|100%| O|  |TAMS 0x00000007f2400000| PB 0x00000007f2400000| Updating 
|1993|0x00000007f2400000, 0x00000007f2800000, 0x00000007f2800000|100%| O|  |TAMS 0x00000007f2800000| PB 0x00000007f2800000| Updating 
|1994|0x00000007f2800000, 0x00000007f2c00000, 0x00000007f2c00000|100%| O|  |TAMS 0x00000007f2c00000| PB 0x00000007f2c00000| Untracked 
|1995|0x00000007f2c00000, 0x00000007f3000000, 0x00000007f3000000|100%| O|  |TAMS 0x00000007f3000000| PB 0x00000007f3000000| Untracked 
|1996|0x00000007f3000000, 0x00000007f3400000, 0x00000007f3400000|100%| O|  |TAMS 0x00000007f3400000| PB 0x00000007f3400000| Updating 
|1997|0x00000007f3400000, 0x00000007f3800000, 0x00000007f3800000|100%| O|  |TAMS 0x00000007f3800000| PB 0x00000007f3800000| Updating 
|1998|0x00000007f3800000, 0x00000007f3c00000, 0x00000007f3c00000|100%| O|  |TAMS 0x00000007f3c00000| PB 0x00000007f3c00000| Updating 
|1999|0x00000007f3c00000, 0x00000007f4000000, 0x00000007f4000000|100%| O|  |TAMS 0x00000007f4000000| PB 0x00000007f4000000| Updating 
|2000|0x00000007f4000000, 0x00000007f4400000, 0x00000007f4400000|100%| O|  |TAMS 0x00000007f4400000| PB 0x00000007f4400000| Updating 
|2001|0x00000007f4400000, 0x00000007f4800000, 0x00000007f4800000|100%| O|  |TAMS 0x00000007f4800000| PB 0x00000007f4800000| Updating 
|2002|0x00000007f4800000, 0x00000007f4c00000, 0x00000007f4c00000|100%| O|  |TAMS 0x00000007f4c00000| PB 0x00000007f4c00000| Updating 
|2003|0x00000007f4c00000, 0x00000007f5000000, 0x00000007f5000000|100%| O|  |TAMS 0x00000007f5000000| PB 0x00000007f5000000| Updating 
|2004|0x00000007f5000000, 0x00000007f5400000, 0x00000007f5400000|100%| O|  |TAMS 0x00000007f5400000| PB 0x00000007f5400000| Updating 
|2005|0x00000007f5400000, 0x00000007f5800000, 0x00000007f5800000|100%| O|  |TAMS 0x00000007f5800000| PB 0x00000007f5800000| Updating 
|2006|0x00000007f5800000, 0x00000007f5c00000, 0x00000007f5c00000|100%| O|  |TAMS 0x00000007f5c00000| PB 0x00000007f5c00000| Updating 
|2007|0x00000007f5c00000, 0x00000007f6000000, 0x00000007f6000000|100%| O|  |TAMS 0x00000007f6000000| PB 0x00000007f6000000| Updating 
|2008|0x00000007f6000000, 0x00000007f6400000, 0x00000007f6400000|100%| O|  |TAMS 0x00000007f6400000| PB 0x00000007f6400000| Updating 
|2009|0x00000007f6400000, 0x00000007f6800000, 0x00000007f6800000|100%| O|  |TAMS 0x00000007f6800000| PB 0x00000007f6800000| Updating 
|2010|0x00000007f6800000, 0x00000007f6c00000, 0x00000007f6c00000|100%| O|  |TAMS 0x00000007f6c00000| PB 0x00000007f6c00000| Updating 
|2011|0x00000007f6c00000, 0x00000007f7000000, 0x00000007f7000000|100%| O|  |TAMS 0x00000007f7000000| PB 0x00000007f7000000| Updating 
|2012|0x00000007f7000000, 0x00000007f7400000, 0x00000007f7400000|100%| O|  |TAMS 0x00000007f7400000| PB 0x00000007f7400000| Updating 
|2013|0x00000007f7400000, 0x00000007f7800000, 0x00000007f7800000|100%| O|  |TAMS 0x00000007f7800000| PB 0x00000007f7800000| Updating 
|2014|0x00000007f7800000, 0x00000007f7c00000, 0x00000007f7c00000|100%| O|  |TAMS 0x00000007f7c00000| PB 0x00000007f7c00000| Updating 
|2015|0x00000007f7c00000, 0x00000007f8000000, 0x00000007f8000000|100%| O|  |TAMS 0x00000007f8000000| PB 0x00000007f8000000| Updating 
|2016|0x00000007f8000000, 0x00000007f8400000, 0x00000007f8400000|100%| O|  |TAMS 0x00000007f8400000| PB 0x00000007f8400000| Updating 
|2017|0x00000007f8400000, 0x00000007f8800000, 0x00000007f8800000|100%| O|  |TAMS 0x00000007f8800000| PB 0x00000007f8800000| Updating 
|2018|0x00000007f8800000, 0x00000007f8c00000, 0x00000007f8c00000|100%| O|  |TAMS 0x00000007f8c00000| PB 0x00000007f8c00000| Updating 
|2019|0x00000007f8c00000, 0x00000007f9000000, 0x00000007f9000000|100%| O|  |TAMS 0x00000007f9000000| PB 0x00000007f9000000| Updating 
|2020|0x00000007f9000000, 0x00000007f9400000, 0x00000007f9400000|100%| O|  |TAMS 0x00000007f9400000| PB 0x00000007f9400000| Updating 
|2021|0x00000007f9400000, 0x00000007f9800000, 0x00000007f9800000|100%| O|  |TAMS 0x00000007f9800000| PB 0x00000007f9800000| Updating 
|2022|0x00000007f9800000, 0x00000007f9c00000, 0x00000007f9c00000|100%| O|  |TAMS 0x00000007f9c00000| PB 0x00000007f9c00000| Updating 
|2023|0x00000007f9c00000, 0x00000007fa000000, 0x00000007fa000000|100%| O|  |TAMS 0x00000007fa000000| PB 0x00000007fa000000| Updating 
|2024|0x00000007fa000000, 0x00000007fa400000, 0x00000007fa400000|100%| O|  |TAMS 0x00000007fa400000| PB 0x00000007fa400000| Updating 
|2025|0x00000007fa400000, 0x00000007fa800000, 0x00000007fa800000|100%| O|  |TAMS 0x00000007fa800000| PB 0x00000007fa800000| Updating 
|2026|0x00000007fa800000, 0x00000007fac00000, 0x00000007fac00000|100%| O|  |TAMS 0x00000007fac00000| PB 0x00000007fac00000| Updating 
|2027|0x00000007fac00000, 0x00000007fb000000, 0x00000007fb000000|100%| O|  |TAMS 0x00000007fb000000| PB 0x00000007fb000000| Updating 
|2028|0x00000007fb000000, 0x00000007fb400000, 0x00000007fb400000|100%| O|  |TAMS 0x00000007fb400000| PB 0x00000007fb400000| Updating 
|2029|0x00000007fb400000, 0x00000007fb800000, 0x00000007fb800000|100%| O|  |TAMS 0x00000007fb800000| PB 0x00000007fb800000| Updating 
|2030|0x00000007fb800000, 0x00000007fbc00000, 0x00000007fbc00000|100%| O|  |TAMS 0x00000007fbc00000| PB 0x00000007fbc00000| Updating 
|2031|0x00000007fbc00000, 0x00000007fc000000, 0x00000007fc000000|100%| O|  |TAMS 0x00000007fc000000| PB 0x00000007fc000000| Updating 
|2032|0x00000007fc000000, 0x00000007fc400000, 0x00000007fc400000|100%| O|  |TAMS 0x00000007fc400000| PB 0x00000007fc400000| Updating 
|2033|0x00000007fc400000, 0x00000007fc800000, 0x00000007fc800000|100%| O|  |TAMS 0x00000007fc800000| PB 0x00000007fc800000| Updating 
|2034|0x00000007fc800000, 0x00000007fcc00000, 0x00000007fcc00000|100%| O|  |TAMS 0x00000007fcc00000| PB 0x00000007fcc00000| Updating 
|2035|0x00000007fcc00000, 0x00000007fd000000, 0x00000007fd000000|100%| O|  |TAMS 0x00000007fd000000| PB 0x00000007fd000000| Updating 
|2036|0x00000007fd000000, 0x00000007fd400000, 0x00000007fd400000|100%| O|  |TAMS 0x00000007fd400000| PB 0x00000007fd400000| Updating 
|2037|0x00000007fd400000, 0x00000007fd800000, 0x00000007fd800000|100%| O|  |TAMS 0x00000007fd800000| PB 0x00000007fd800000| Updating 
|2038|0x00000007fd800000, 0x00000007fdc00000, 0x00000007fdc00000|100%| E|CS|TAMS 0x00000007fd800000| PB 0x00000007fd800000| Complete 
|2039|0x00000007fdc00000, 0x00000007fe000000, 0x00000007fe000000|100%| O|  |TAMS 0x00000007fe000000| PB 0x00000007fe000000| Updating 
|2040|0x00000007fe000000, 0x00000007fe400000, 0x00000007fe400000|100%| E|CS|TAMS 0x00000007fe000000| PB 0x00000007fe000000| Complete 
|2041|0x00000007fe400000, 0x00000007fe800000, 0x00000007fe800000|100%| E|CS|TAMS 0x00000007fe400000| PB 0x00000007fe400000| Complete 
|2042|0x00000007fe800000, 0x00000007fec00000, 0x00000007fec00000|100%| E|CS|TAMS 0x00000007fe800000| PB 0x00000007fe800000| Complete 
|2043|0x00000007fec00000, 0x00000007ff000000, 0x00000007ff000000|100%| E|CS|TAMS 0x00000007fec00000| PB 0x00000007fec00000| Complete 
|2044|0x00000007ff000000, 0x00000007ff400000, 0x00000007ff400000|100%| O|  |TAMS 0x00000007ff400000| PB 0x00000007ff400000| Updating 
|2045|0x00000007ff400000, 0x00000007ff800000, 0x00000007ff800000|100%| E|  |TAMS 0x00000007ff400000| PB 0x00000007ff400000| Complete 
|2046|0x00000007ff800000, 0x00000007ffc00000, 0x00000007ffc00000|100%| O|  |TAMS 0x00000007ffc00000| PB 0x00000007ffc00000| Updating 
|2047|0x00000007ffc00000, 0x0000000800000000, 0x0000000800000000|100%| E|CS|TAMS 0x00000007ffc00000| PB 0x00000007ffc00000| Complete 

Card table byte_map: [0x0000021bd0ce0000,0x0000021bd1ce0000] _byte_map_base: 0x0000021bcdce0000

Marking Bits: (CMBitMap*) 0x0000021bbd5dcd60
 Bits: [0x0000021bd1ce0000, 0x0000021bd9ce0000)

Polling page: 0x0000021bbb360000

Metaspace:

Usage:
  Non-class:    135.26 MB used.
      Class:     21.46 MB used.
       Both:    156.72 MB used.

Virtual space:
  Non-class space:      192.00 MB reserved,     136.50 MB ( 71%) committed,  3 nodes.
      Class space:        1.00 GB reserved,      22.69 MB (  2%) committed,  1 nodes.
             Both:        1.19 GB reserved,     159.19 MB ( 13%) committed. 

Chunk freelists:
   Non-Class:  7.11 MB
       Class:  9.29 MB
        Both:  16.40 MB

MaxMetaspaceSize: unlimited
CompressedClassSpaceSize: 1.00 GB
Initial GC threshold: 21.00 MB
Current GC threshold: 265.31 MB
CDS: off
 - commit_granule_bytes: 65536.
 - commit_granule_words: 8192.
 - virtual_space_node_default_size: 8388608.
 - enlarge_chunks_in_place: 1.
 - use_allocation_guard: 0.


Internal statistics:

num_allocs_failed_limit: 12.
num_arena_births: 4910.
num_arena_deaths: 24.
num_vsnodes_births: 4.
num_vsnodes_deaths: 0.
num_space_committed: 2546.
num_space_uncommitted: 0.
num_chunks_returned_to_freelist: 47.
num_chunks_taken_from_freelist: 11870.
num_chunk_merges: 18.
num_chunk_splits: 7739.
num_chunks_enlarged: 4928.
num_inconsistent_stats: 0.

CodeHeap 'non-profiled nmethods': size=120000Kb used=20858Kb max_used=22508Kb free=99141Kb
 bounds [0x0000021bc8150000, 0x0000021bc9750000, 0x0000021bcf680000]
CodeHeap 'profiled nmethods': size=120000Kb used=39616Kb max_used=43645Kb free=80384Kb
 bounds [0x0000021bc0680000, 0x0000021bc3300000, 0x0000021bc7bb0000]
CodeHeap 'non-nmethods': size=5760Kb used=3034Kb max_used=3118Kb free=2725Kb
 bounds [0x0000021bc7bb0000, 0x0000021bc7ed0000, 0x0000021bc8150000]
CodeCache: size=245760Kb, used=63508Kb, max_used=69271Kb, free=182250Kb
 total_blobs=19513, nmethods=18413, adapters=1003, full_count=0
Compilation: enabled, stopped_count=0, restarted_count=0

Compilation events (20 events):
Event: 805.408 Thread 0x0000021bdccfad90 nmethod 40406 0x0000021bc27de910 code [0x0000021bc27deac0, 0x0000021bc27dec78]
Event: 805.410 Thread 0x0000021bdccfad90 40408 %     2       com.android.tools.r8.ir.optimize.F::a @ 13 (697 bytes)
Event: 805.414 Thread 0x0000021bdccfad90 nmethod 40408% 0x0000021bc2302690 code [0x0000021bc2302c40, 0x0000021bc2304a28]
Event: 805.414 Thread 0x0000021bdccfad90 40407       2       com.android.tools.r8.internal.G9::a (85 bytes)
Event: 805.415 Thread 0x0000021bdccfad90 nmethod 40407 0x0000021bc2301c10 code [0x0000021bc2301e20, 0x0000021bc23022e0]
Event: 805.415 Thread 0x0000021bdccfad90 40409       2       com.android.tools.r8.internal.gD::<init> (12 bytes)
Event: 805.415 Thread 0x0000021bdccfad90 nmethod 40409 0x0000021bc27de510 code [0x0000021bc27de6c0, 0x0000021bc27de850]
Event: 805.415 Thread 0x0000021bdccfad90 40410       2       com.android.tools.r8.internal.gD::a (4 bytes)
Event: 805.415 Thread 0x0000021bdccfad90 nmethod 40410 0x0000021bc27ddf90 code [0x0000021bc27de120, 0x0000021bc27de230]
Event: 805.416 Thread 0x0000021bdccfad90 40411       3       java.util.stream.SliceOps$1$1::accept (52 bytes)
Event: 805.416 Thread 0x0000021bdccfad90 nmethod 40411 0x0000021bc2301710 code [0x0000021bc23018c0, 0x0000021bc2301b68]
Event: 805.416 Thread 0x0000021bdccfad90 40412       2       com.android.tools.r8.ir.optimize.F::a (697 bytes)
Event: 805.419 Thread 0x0000021bdccfad90 nmethod 40412 0x0000021bc22fde90 code [0x0000021bc22fe420, 0x0000021bc2300120]
Event: 805.419 Thread 0x0000021bdccfad90 40413       2       java.util.HashMap$TreeNode::rotateRight (91 bytes)
Event: 805.420 Thread 0x0000021bdccfad90 nmethod 40413 0x0000021bc22fd790 code [0x0000021bc22fd940, 0x0000021bc22fdd60]
Event: 805.420 Thread 0x0000021bdccfad90 40414       2       java.util.HashMap::newTreeNode (13 bytes)
Event: 805.420 Thread 0x0000021bdccfad90 nmethod 40414 0x0000021bc22fd390 code [0x0000021bc22fd540, 0x0000021bc22fd6e0]
Event: 805.424 Thread 0x0000021bdccfad90 40416       3       com.android.tools.r8.internal.B0::a (77 bytes)
Event: 805.425 Thread 0x0000021bdccfad90 nmethod 40416 0x0000021bc22fc890 code [0x0000021bc22fcaa0, 0x0000021bc22fd180]
Event: 805.434 Thread 0x0000021bdccfad90 40417       2       com.android.tools.r8.internal.gD::a (181 bytes)

GC Heap History (20 events):
Event: 778.244 GC heap before
{Heap before GC invocations=75 (full 0):
 garbage-first heap   total 1449984K, used 1191808K [0x0000000600000000, 0x0000000800000000)
  region size 4096K, 94 young (385024K), 8 survivors (32768K)
 Metaspace       used 155262K, committed 157760K, reserved 1245184K
  class space    used 21421K, committed 22656K, reserved 1048576K
}
Event: 778.281 GC heap after
{Heap after GC invocations=76 (full 0):
 garbage-first heap   total 1449984K, used 835584K [0x0000000600000000, 0x0000000800000000)
  region size 4096K, 12 young (49152K), 12 survivors (49152K)
 Metaspace       used 155262K, committed 157760K, reserved 1245184K
  class space    used 21421K, committed 22656K, reserved 1048576K
}
Event: 778.563 GC heap before
{Heap before GC invocations=76 (full 0):
 garbage-first heap   total 1449984K, used 1032192K [0x0000000600000000, 0x0000000800000000)
  region size 4096K, 62 young (253952K), 12 survivors (49152K)
 Metaspace       used 155881K, committed 158336K, reserved 1245184K
  class space    used 21515K, committed 22720K, reserved 1048576K
}
Event: 778.583 GC heap after
{Heap after GC invocations=77 (full 0):
 garbage-first heap   total 1449984K, used 876681K [0x0000000600000000, 0x0000000800000000)
  region size 4096K, 11 young (45056K), 11 survivors (45056K)
 Metaspace       used 155881K, committed 158336K, reserved 1245184K
  class space    used 21515K, committed 22720K, reserved 1048576K
}
Event: 779.276 GC heap before
{Heap before GC invocations=77 (full 0):
 garbage-first heap   total 1511424K, used 1269897K [0x0000000600000000, 0x0000000800000000)
  region size 4096K, 99 young (405504K), 11 survivors (45056K)
 Metaspace       used 156354K, committed 158848K, reserved 1245184K
  class space    used 21541K, committed 22784K, reserved 1048576K
}
Event: 779.303 GC heap after
{Heap after GC invocations=78 (full 0):
 garbage-first heap   total 1941504K, used 944324K [0x0000000600000000, 0x0000000800000000)
  region size 4096K, 13 young (53248K), 13 survivors (53248K)
 Metaspace       used 156354K, committed 158848K, reserved 1245184K
  class space    used 21541K, committed 22784K, reserved 1048576K
}
Event: 779.872 GC heap before
{Heap before GC invocations=79 (full 0):
 garbage-first heap   total 1941504K, used 1616068K [0x0000000600000000, 0x0000000800000000)
  region size 4096K, 163 young (667648K), 13 survivors (53248K)
 Metaspace       used 156554K, committed 158976K, reserved 1245184K
  class space    used 21556K, committed 22784K, reserved 1048576K
}
Event: 779.895 GC heap after
{Heap after GC invocations=80 (full 0):
 garbage-first heap   total 1941504K, used 1009050K [0x0000000600000000, 0x0000000800000000)
  region size 4096K, 7 young (28672K), 7 survivors (28672K)
 Metaspace       used 156554K, committed 158976K, reserved 1245184K
  class space    used 21556K, committed 22784K, reserved 1048576K
}
Event: 780.393 GC heap before
{Heap before GC invocations=80 (full 0):
 garbage-first heap   total 1941504K, used 1684890K [0x0000000600000000, 0x0000000800000000)
  region size 4096K, 167 young (684032K), 7 survivors (28672K)
 Metaspace       used 158729K, committed 161216K, reserved 1245184K
  class space    used 21893K, committed 23104K, reserved 1048576K
}
Event: 780.414 GC heap after
{Heap after GC invocations=81 (full 0):
 garbage-first heap   total 1941504K, used 1010911K [0x0000000600000000, 0x0000000800000000)
  region size 4096K, 9 young (36864K), 9 survivors (36864K)
 Metaspace       used 158729K, committed 161216K, reserved 1245184K
  class space    used 21893K, committed 23104K, reserved 1048576K
}
Event: 780.676 GC heap before
{Heap before GC invocations=81 (full 0):
 garbage-first heap   total 1941504K, used 1178847K [0x0000000600000000, 0x0000000800000000)
  region size 4096K, 52 young (212992K), 9 survivors (36864K)
 Metaspace       used 159056K, committed 161600K, reserved 1245184K
  class space    used 21916K, committed 23168K, reserved 1048576K
}
Event: 780.689 GC heap after
{Heap after GC invocations=82 (full 0):
 garbage-first heap   total 1941504K, used 982652K [0x0000000600000000, 0x0000000800000000)
  region size 4096K, 11 young (45056K), 11 survivors (45056K)
 Metaspace       used 159056K, committed 161600K, reserved 1245184K
  class space    used 21916K, committed 23168K, reserved 1048576K
}
Event: 801.195 GC heap before
{Heap before GC invocations=83 (full 0):
 garbage-first heap   total 1941504K, used 1932924K [0x0000000600000000, 0x0000000800000000)
  region size 4096K, 189 young (774144K), 11 survivors (45056K)
 Metaspace       used 160061K, committed 162560K, reserved 1245184K
  class space    used 21977K, committed 23232K, reserved 1048576K
}
Event: 801.217 GC heap after
{Heap after GC invocations=84 (full 0):
 garbage-first heap   total 2002944K, used 956727K [0x0000000600000000, 0x0000000800000000)
  region size 4096K, 15 young (61440K), 15 survivors (61440K)
 Metaspace       used 160061K, committed 162560K, reserved 1245184K
  class space    used 21977K, committed 23232K, reserved 1048576K
}
Event: 802.650 GC heap before
{Heap before GC invocations=84 (full 0):
 garbage-first heap   total 2002944K, used 1993015K [0x0000000600000000, 0x0000000800000000)
  region size 4096K, 225 young (921600K), 15 survivors (61440K)
 Metaspace       used 160205K, committed 162688K, reserved 1245184K
  class space    used 21977K, committed 23232K, reserved 1048576K
}
Event: 802.843 GC heap after
{Heap after GC invocations=85 (full 0):
 garbage-first heap   total 2510848K, used 1320960K [0x0000000600000000, 0x0000000800000000)
  region size 4096K, 29 young (118784K), 29 survivors (118784K)
 Metaspace       used 160205K, committed 162688K, reserved 1245184K
  class space    used 21977K, committed 23232K, reserved 1048576K
}
Event: 804.545 GC heap before
{Heap before GC invocations=85 (full 0):
 garbage-first heap   total 2510848K, used 1976320K [0x0000000600000000, 0x0000000800000000)
  region size 4096K, 189 young (774144K), 29 survivors (118784K)
 Metaspace       used 160352K, committed 162880K, reserved 1245184K
  class space    used 21977K, committed 23232K, reserved 1048576K
}
Event: 804.655 GC heap after
{Heap after GC invocations=86 (full 0):
 garbage-first heap   total 2510848K, used 1429504K [0x0000000600000000, 0x0000000800000000)
  region size 4096K, 24 young (98304K), 24 survivors (98304K)
 Metaspace       used 160352K, committed 162880K, reserved 1245184K
  class space    used 21977K, committed 23232K, reserved 1048576K
}
Event: 805.166 GC heap before
{Heap before GC invocations=86 (full 0):
 garbage-first heap   total 2510848K, used 1900544K [0x0000000600000000, 0x0000000800000000)
  region size 4096K, 141 young (577536K), 24 survivors (98304K)
 Metaspace       used 160413K, committed 162944K, reserved 1245184K
  class space    used 21977K, committed 23232K, reserved 1048576K
}
Event: 805.206 GC heap after
{Heap after GC invocations=87 (full 0):
 garbage-first heap   total 2834432K, used 1484790K [0x0000000600000000, 0x0000000800000000)
  region size 4096K, 11 young (45056K), 11 survivors (45056K)
 Metaspace       used 160413K, committed 162944K, reserved 1245184K
  class space    used 21977K, committed 23232K, reserved 1048576K
}

Dll operation events (3 events):
Event: 0.006 Loaded shared library C:\Program Files\Android\Android Studio1\jbr\bin\java.dll
Event: 0.009 Loaded shared library C:\Program Files\Android\Android Studio1\jbr\bin\zip.dll
Event: 0.377 Loaded shared library C:\Program Files\Android\Android Studio1\jbr\bin\verify.dll

Deoptimization events (20 events):
Event: 805.346 Thread 0x0000021bf0284420 DEOPT PACKING pc=0x0000021bc26b63fd sp=0x0000003e6dbfbc30
Event: 805.346 Thread 0x0000021bf0284420 DEOPT UNPACKING pc=0x0000021bc7c04e42 sp=0x0000003e6dbfb498 mode 0
Event: 805.350 Thread 0x0000021bf0284420 DEOPT PACKING pc=0x0000021bc26b63fd sp=0x0000003e6dbfc0a0
Event: 805.350 Thread 0x0000021bf0284420 DEOPT UNPACKING pc=0x0000021bc7c04e42 sp=0x0000003e6dbfb908 mode 0
Event: 805.396 Thread 0x0000021bf0288c50 DEOPT PACKING pc=0x0000021bc26b63fd sp=0x0000003e6e1fb9b0
Event: 805.396 Thread 0x0000021bf0288c50 DEOPT UNPACKING pc=0x0000021bc7c04e42 sp=0x0000003e6e1fb218 mode 0
Event: 805.408 Thread 0x0000021bf0284420 Uncommon trap: trap_request=0xffffffde fr.pc=0x0000021bc838d390 relative=0x0000000000001bd0
Event: 805.408 Thread 0x0000021bf0284420 Uncommon trap: reason=class_check action=maybe_recompile pc=0x0000021bc838d390 method=com.android.tools.r8.ir.optimize.F.a(Ljava/util/Queue;Lcom/android/tools/r8/internal/aA;Lcom/android/tools/r8/internal/K5;Lcom/android/tools/r8/ir/optimize/a;Lcom/androi
Event: 805.408 Thread 0x0000021bf0284420 DEOPT PACKING pc=0x0000021bc838d390 sp=0x0000003e6dbfcb70
Event: 805.408 Thread 0x0000021bf0284420 DEOPT UNPACKING pc=0x0000021bc7c046a2 sp=0x0000003e6dbfcb30 mode 2
Event: 805.528 Thread 0x0000021bf0280fa0 DEOPT PACKING pc=0x0000021bc1025252 sp=0x0000003e6dcfcfd0
Event: 805.528 Thread 0x0000021bf0280fa0 DEOPT UNPACKING pc=0x0000021bc7c04e42 sp=0x0000003e6dcfc5d8 mode 0
Event: 805.544 Thread 0x0000021bf02885c0 DEOPT PACKING pc=0x0000021bc1368310 sp=0x0000003e6e0fcf40
Event: 805.544 Thread 0x0000021bf02885c0 DEOPT UNPACKING pc=0x0000021bc7c04e42 sp=0x0000003e6e0fc458 mode 0
Event: 805.547 Thread 0x0000021bf02885c0 DEOPT PACKING pc=0x0000021bc244750a sp=0x0000003e6e0fc410
Event: 805.547 Thread 0x0000021bf02885c0 DEOPT UNPACKING pc=0x0000021bc7c04e42 sp=0x0000003e6e0fbb30 mode 0
Event: 805.554 Thread 0x0000021bf0286b80 DEOPT PACKING pc=0x0000021bc26b63fd sp=0x0000003e6e5fbdb0
Event: 805.554 Thread 0x0000021bf0286b80 DEOPT UNPACKING pc=0x0000021bc7c04e42 sp=0x0000003e6e5fb618 mode 0
Event: 805.596 Thread 0x0000021bf0286b80 DEOPT PACKING pc=0x0000021bc26b63fd sp=0x0000003e6e5fbdb0
Event: 805.596 Thread 0x0000021bf0286b80 DEOPT UNPACKING pc=0x0000021bc7c04e42 sp=0x0000003e6e5fb618 mode 0

Classes loaded (20 events):
Event: 772.128 Loading class java/util/concurrent/Executors$DelegatedScheduledExecutorService
Event: 772.128 Loading class java/util/concurrent/Executors$DelegatedExecutorService
Event: 772.128 Loading class java/util/concurrent/Executors$DelegatedExecutorService done
Event: 772.128 Loading class java/util/concurrent/Executors$DelegatedScheduledExecutorService done
Event: 772.767 Loading class java/util/concurrent/ConcurrentHashMap$TreeNode
Event: 772.767 Loading class java/util/concurrent/ConcurrentHashMap$TreeNode done
Event: 772.767 Loading class java/util/concurrent/ConcurrentHashMap$TreeBin
Event: 772.767 Loading class java/util/concurrent/ConcurrentHashMap$TreeBin done
Event: 776.341 Loading class java/nio/file/FileChannelLinesSpliterator
Event: 776.341 Loading class java/nio/file/FileChannelLinesSpliterator done
Event: 776.341 Loading class java/util/stream/Streams$1
Event: 776.341 Loading class java/util/stream/Streams$1 done
Event: 776.352 Loading class java/nio/file/FileChannelLinesSpliterator$1
Event: 776.352 Loading class java/nio/file/FileChannelLinesSpliterator$1 done
Event: 780.503 Loading class java/nio/file/Path$1
Event: 780.503 Loading class java/nio/file/Path$1 done
Event: 785.833 Loading class java/io/PrintWriter$1
Event: 785.833 Loading class jdk/internal/access/JavaIOPrintWriterAccess
Event: 785.833 Loading class jdk/internal/access/JavaIOPrintWriterAccess done
Event: 785.833 Loading class java/io/PrintWriter$1 done

Classes unloaded (12 events):
Event: 743.906 Thread 0x0000021bd9ec79e0 Unloading class 0x0000000801414400 'java/lang/invoke/LambdaForm$DMH+0x0000000801414400'
Event: 743.906 Thread 0x0000021bd9ec79e0 Unloading class 0x0000000801388800 'java/lang/invoke/LambdaForm$DMH+0x0000000801388800'
Event: 743.906 Thread 0x0000021bd9ec79e0 Unloading class 0x0000000801388400 'java/lang/invoke/LambdaForm$DMH+0x0000000801388400'
Event: 743.906 Thread 0x0000021bd9ec79e0 Unloading class 0x00000008012d4000 'java/lang/invoke/LambdaForm$DMH+0x00000008012d4000'
Event: 743.906 Thread 0x0000021bd9ec79e0 Unloading class 0x000000080124d400 'jdk/internal/reflect/GeneratedSerializationConstructorAccessor188'
Event: 743.906 Thread 0x0000021bd9ec79e0 Unloading class 0x000000080124dc00 'jdk/internal/reflect/GeneratedSerializationConstructorAccessor190'
Event: 743.906 Thread 0x0000021bd9ec79e0 Unloading class 0x0000000801250000 'jdk/internal/reflect/GeneratedSerializationConstructorAccessor189'
Event: 743.906 Thread 0x0000021bd9ec79e0 Unloading class 0x0000000801250400 'jdk/internal/reflect/GeneratedSerializationConstructorAccessor185'
Event: 743.906 Thread 0x0000021bd9ec79e0 Unloading class 0x000000080124d800 'jdk/internal/reflect/GeneratedSerializationConstructorAccessor184'
Event: 743.906 Thread 0x0000021bd9ec79e0 Unloading class 0x0000000801250800 'jdk/internal/reflect/GeneratedSerializationConstructorAccessor186'
Event: 781.179 Thread 0x0000021bd9ec79e0 Unloading class 0x0000000801634400 'java/lang/invoke/LambdaForm$DMH+0x0000000801634400'
Event: 781.179 Thread 0x0000021bd9ec79e0 Unloading class 0x000000080162c400 'java/lang/invoke/LambdaForm$DMH+0x000000080162c400'

Classes redefined (0 events):
No events

Internal exceptions (20 events):
Event: 804.822 Thread 0x0000021bee914a50 Exception <a 'sun/nio/fs/WindowsException'{0x000000067d849b68}> (0x000000067d849b68) 
thrown [s\src\hotspot\share\prims\jni.cpp, line 537]
Event: 804.823 Thread 0x0000021bee914a50 Exception <a 'sun/nio/fs/WindowsException'{0x000000067d84be60}> (0x000000067d84be60) 
thrown [s\src\hotspot\share\prims\jni.cpp, line 537]
Event: 804.823 Thread 0x0000021bee914a50 Exception <a 'sun/nio/fs/WindowsException'{0x000000067d84cf80}> (0x000000067d84cf80) 
thrown [s\src\hotspot\share\prims\jni.cpp, line 537]
Event: 804.823 Thread 0x0000021bee914a50 Exception <a 'sun/nio/fs/WindowsException'{0x000000067d84f278}> (0x000000067d84f278) 
thrown [s\src\hotspot\share\prims\jni.cpp, line 537]
Event: 804.824 Thread 0x0000021bee914a50 Exception <a 'sun/nio/fs/WindowsException'{0x000000067d850398}> (0x000000067d850398) 
thrown [s\src\hotspot\share\prims\jni.cpp, line 537]
Event: 804.824 Thread 0x0000021bee914a50 Exception <a 'sun/nio/fs/WindowsException'{0x000000067d852c50}> (0x000000067d852c50) 
thrown [s\src\hotspot\share\prims\jni.cpp, line 537]
Event: 804.825 Thread 0x0000021bee914a50 Exception <a 'sun/nio/fs/WindowsException'{0x000000067d853e70}> (0x000000067d853e70) 
thrown [s\src\hotspot\share\prims\jni.cpp, line 537]
Event: 804.825 Thread 0x0000021bee914a50 Exception <a 'sun/nio/fs/WindowsException'{0x000000067d856728}> (0x000000067d856728) 
thrown [s\src\hotspot\share\prims\jni.cpp, line 537]
Event: 804.825 Thread 0x0000021bee914a50 Exception <a 'sun/nio/fs/WindowsException'{0x000000067d857948}> (0x000000067d857948) 
thrown [s\src\hotspot\share\prims\jni.cpp, line 537]
Event: 804.826 Thread 0x0000021bee914a50 Exception <a 'sun/nio/fs/WindowsException'{0x000000067d85a200}> (0x000000067d85a200) 
thrown [s\src\hotspot\share\prims\jni.cpp, line 537]
Event: 804.826 Thread 0x0000021bee914a50 Exception <a 'sun/nio/fs/WindowsException'{0x000000067d85b420}> (0x000000067d85b420) 
thrown [s\src\hotspot\share\prims\jni.cpp, line 537]
Event: 804.826 Thread 0x0000021bee914a50 Exception <a 'sun/nio/fs/WindowsException'{0x000000067d85dcd8}> (0x000000067d85dcd8) 
thrown [s\src\hotspot\share\prims\jni.cpp, line 537]
Event: 804.827 Thread 0x0000021bee914a50 Exception <a 'sun/nio/fs/WindowsException'{0x000000067d85eef8}> (0x000000067d85eef8) 
thrown [s\src\hotspot\share\prims\jni.cpp, line 537]
Event: 804.827 Thread 0x0000021bee914a50 Exception <a 'sun/nio/fs/WindowsException'{0x000000067d8617b0}> (0x000000067d8617b0) 
thrown [s\src\hotspot\share\prims\jni.cpp, line 537]
Event: 804.827 Thread 0x0000021bee914a50 Exception <a 'sun/nio/fs/WindowsException'{0x000000067d8629d0}> (0x000000067d8629d0) 
thrown [s\src\hotspot\share\prims\jni.cpp, line 537]
Event: 804.828 Thread 0x0000021bee914a50 Exception <a 'sun/nio/fs/WindowsException'{0x000000067da6d108}> (0x000000067da6d108) 
thrown [s\src\hotspot\share\prims\jni.cpp, line 537]
Event: 804.828 Thread 0x0000021bee914a50 Exception <a 'sun/nio/fs/WindowsException'{0x000000067da6e328}> (0x000000067da6e328) 
thrown [s\src\hotspot\share\prims\jni.cpp, line 537]
Event: 804.829 Thread 0x0000021bee914a50 Exception <a 'sun/nio/fs/WindowsException'{0x000000067da70be0}> (0x000000067da70be0) 
thrown [s\src\hotspot\share\prims\jni.cpp, line 537]
Event: 804.829 Thread 0x0000021bee914a50 Exception <a 'sun/nio/fs/WindowsException'{0x000000067da71e00}> (0x000000067da71e00) 
thrown [s\src\hotspot\share\prims\jni.cpp, line 537]
Event: 804.993 Thread 0x0000021bf02885c0 Implicit null exception at 0x0000021bc84b59c4 to 0x0000021bc84b7600

ZGC Phase Switch (0 events):
No events

VM Operations (20 events):
Event: 800.883 Executing VM operation: ICBufferFull done
Event: 801.100 Executing VM operation: ICBufferFull
Event: 801.100 Executing VM operation: ICBufferFull done
Event: 801.195 Executing VM operation: G1CollectForAllocation (G1 Evacuation Pause)
Event: 801.217 Executing VM operation: G1CollectForAllocation (G1 Evacuation Pause) done
Event: 801.456 Executing VM operation: ICBufferFull
Event: 801.457 Executing VM operation: ICBufferFull done
Event: 801.672 Executing VM operation: ICBufferFull
Event: 801.673 Executing VM operation: ICBufferFull done
Event: 802.649 Executing VM operation: G1CollectForAllocation (G1 Evacuation Pause)
Event: 802.843 Executing VM operation: G1CollectForAllocation (G1 Evacuation Pause) done
Event: 803.843 Executing VM operation: Cleanup
Event: 803.843 Executing VM operation: Cleanup done
Event: 804.545 Executing VM operation: G1CollectForAllocation (G1 Evacuation Pause)
Event: 804.655 Executing VM operation: G1CollectForAllocation (G1 Evacuation Pause) done
Event: 804.967 Executing VM operation: ICBufferFull
Event: 804.968 Executing VM operation: ICBufferFull done
Event: 805.166 Executing VM operation: G1TryInitiateConcMark (G1 Humongous Allocation)
Event: 805.206 Executing VM operation: G1TryInitiateConcMark (G1 Humongous Allocation) done
Event: 805.628 Executing VM operation: G1PauseRemark

Memory protections (0 events):
No events

Nmethod flushes (20 events):
Event: 781.194 Thread 0x0000021bd9ec79e0 flushing  nmethod 0x0000021bc1add490
Event: 781.194 Thread 0x0000021bd9ec79e0 flushing  nmethod 0x0000021bc1e44f10
Event: 781.194 Thread 0x0000021bd9ec79e0 flushing  nmethod 0x0000021bc1ffa210
Event: 781.194 Thread 0x0000021bd9ec79e0 flushing  nmethod 0x0000021bc2018a10
Event: 781.194 Thread 0x0000021bd9ec79e0 flushing  nmethod 0x0000021bc21ae390
Event: 781.194 Thread 0x0000021bd9ec79e0 flushing  nmethod 0x0000021bc21af190
Event: 781.194 Thread 0x0000021bd9ec79e0 flushing  nmethod 0x0000021bc21af690
Event: 781.194 Thread 0x0000021bd9ec79e0 flushing  nmethod 0x0000021bc223ce10
Event: 781.194 Thread 0x0000021bd9ec79e0 flushing  nmethod 0x0000021bc223dc90
Event: 781.194 Thread 0x0000021bd9ec79e0 flushing  nmethod 0x0000021bc2254b10
Event: 781.194 Thread 0x0000021bd9ec79e0 flushing  nmethod 0x0000021bc2374f10
Event: 781.194 Thread 0x0000021bd9ec79e0 flushing  nmethod 0x0000021bc2388710
Event: 781.194 Thread 0x0000021bd9ec79e0 flushing  nmethod 0x0000021bc24e9d10
Event: 781.194 Thread 0x0000021bd9ec79e0 flushing  nmethod 0x0000021bc24ead90
Event: 781.194 Thread 0x0000021bd9ec79e0 flushing  nmethod 0x0000021bc27d5990
Event: 781.194 Thread 0x0000021bd9ec79e0 flushing  nmethod 0x0000021bc27ddf90
Event: 781.194 Thread 0x0000021bd9ec79e0 flushing  nmethod 0x0000021bc28ce110
Event: 781.194 Thread 0x0000021bd9ec79e0 flushing  nmethod 0x0000021bc2963110
Event: 781.194 Thread 0x0000021bd9ec79e0 flushing  nmethod 0x0000021bc3027b10
Event: 781.194 Thread 0x0000021bd9ec79e0 flushing  nmethod 0x0000021bc3028990

Events (20 events):
Event: 802.462 Thread 0x0000021bdccfad90 Thread added: 0x0000021be4b3d660
Event: 802.462 Thread 0x0000021be7a1c600 Thread added: 0x0000021be7a20e30
Event: 802.462 Thread 0x0000021be7a1e6d0 Thread added: 0x0000021be7a20110
Event: 802.464 Thread 0x0000021bdccfad90 Thread added: 0x0000021be4b3cf90
Event: 802.856 Thread 0x0000021be4b3cf90 Thread exited: 0x0000021be4b3cf90
Event: 803.059 Thread 0x0000021be4b3d660 Thread added: 0x0000021be4b3f870
Event: 803.346 Thread 0x0000021be4b3f870 Thread exited: 0x0000021be4b3f870
Event: 803.357 Thread 0x0000021be4b3d660 Thread exited: 0x0000021be4b3d660
Event: 803.753 Thread 0x0000021bdccda6d0 Thread added: 0x0000021be4b3cf90
Event: 803.819 Thread 0x0000021bf02892e0 Thread exited: 0x0000021bf02892e0
Event: 804.310 Thread 0x0000021bdccfad90 Thread added: 0x0000021be4b3d660
Event: 804.486 Thread 0x0000021bee914a50 Thread added: 0x0000021bf02892e0
Event: 804.486 Thread 0x0000021bee914a50 Thread added: 0x0000021bf028db10
Event: 804.486 Thread 0x0000021bee914a50 Thread added: 0x0000021bf028eec0
Event: 804.486 Thread 0x0000021bee914a50 Thread added: 0x0000021be753a0a0
Event: 804.486 Thread 0x0000021bee914a50 Thread added: 0x0000021be753adc0
Event: 804.491 Thread 0x0000021bee914a50 Thread added: 0x0000021be753d520
Event: 804.491 Thread 0x0000021bee914a50 Thread added: 0x0000021be753c170
Event: 804.527 Thread 0x0000021bee914a50 Thread added: 0x0000021be753dbb0
Event: 804.852 Thread 0x0000021bee914a50 Thread added: 0x0000021be753e240


Dynamic libraries:
0x00007ff6df020000 - 0x00007ff6df02a000 	C:\Program Files\Android\Android Studio1\jbr\bin\java.exe
0x00007fff3eb40000 - 0x00007fff3eda7000 	C:\WINDOWS\SYSTEM32\ntdll.dll
0x00007fff3d5c0000 - 0x00007fff3d689000 	C:\WINDOWS\System32\KERNEL32.DLL
0x00007fff3c060000 - 0x00007fff3c44f000 	C:\WINDOWS\System32\KERNELBASE.dll
0x00007fff3c700000 - 0x00007fff3c84b000 	C:\WINDOWS\System32\ucrtbase.dll
0x00007fff216a0000 - 0x00007fff216bb000 	C:\Program Files\Android\Android Studio1\jbr\bin\VCRUNTIME140.dll
0x00007fff143d0000 - 0x00007fff143e8000 	C:\Program Files\Android\Android Studio1\jbr\bin\jli.dll
0x00007fff3e930000 - 0x00007fff3eaf5000 	C:\WINDOWS\System32\USER32.dll
0x00007fff3bd40000 - 0x00007fff3bd67000 	C:\WINDOWS\System32\win32u.dll
0x00007fff3d340000 - 0x00007fff3d36b000 	C:\WINDOWS\System32\GDI32.dll
0x00007fff3c520000 - 0x00007fff3c64c000 	C:\WINDOWS\System32\gdi32full.dll
0x00007fff122a0000 - 0x00007fff12533000 	C:\WINDOWS\WinSxS\amd64_microsoft.windows.common-controls_6595b64144ccf1df_6.0.26100.7309_none_3e05feeae336a044\COMCTL32.dll
0x00007fff3bc90000 - 0x00007fff3bd33000 	C:\WINDOWS\System32\msvcp_win.dll
0x00007fff3c8e0000 - 0x00007fff3c989000 	C:\WINDOWS\System32\msvcrt.dll
0x00007fff3df90000 - 0x00007fff3dfc1000 	C:\WINDOWS\System32\IMM32.DLL
0x00007fff21660000 - 0x00007fff2166c000 	C:\Program Files\Android\Android Studio1\jbr\bin\vcruntime140_1.dll
0x00007ffec1700000 - 0x00007ffec178d000 	C:\Program Files\Android\Android Studio1\jbr\bin\msvcp140.dll
0x00007ffe0bf50000 - 0x00007ffe0cbe6000 	C:\Program Files\Android\Android Studio1\jbr\bin\server\jvm.dll
0x00007fff3cd30000 - 0x00007fff3cde4000 	C:\WINDOWS\System32\ADVAPI32.dll
0x00007fff3d370000 - 0x00007fff3d416000 	C:\WINDOWS\System32\sechost.dll
0x00007fff3e1b0000 - 0x00007fff3e2c8000 	C:\WINDOWS\System32\RPCRT4.dll
0x00007fff3ddf0000 - 0x00007fff3de64000 	C:\WINDOWS\System32\WS2_32.dll
0x00007fff200b0000 - 0x00007fff200e5000 	C:\WINDOWS\SYSTEM32\WINMM.dll
0x00007fff391f0000 - 0x00007fff391fb000 	C:\WINDOWS\SYSTEM32\VERSION.dll
0x00007fff3baf0000 - 0x00007fff3bb4e000 	C:\WINDOWS\SYSTEM32\POWRPROF.dll
0x00007fff3bad0000 - 0x00007fff3bae4000 	C:\WINDOWS\SYSTEM32\UMPDC.dll
0x00007fff3a8d0000 - 0x00007fff3a8eb000 	C:\WINDOWS\SYSTEM32\kernel.appcore.dll
0x00007fff21650000 - 0x00007fff2165a000 	C:\Program Files\Android\Android Studio1\jbr\bin\jimage.dll
0x00007fff36620000 - 0x00007fff36862000 	C:\WINDOWS\SYSTEM32\DBGHELP.DLL
0x00007fff3c990000 - 0x00007fff3cd15000 	C:\WINDOWS\System32\combase.dll
0x00007fff3cdf0000 - 0x00007fff3cec6000 	C:\WINDOWS\System32\OLEAUT32.dll
0x00007fff04940000 - 0x00007fff0497c000 	C:\WINDOWS\SYSTEM32\dbgcore.DLL
0x00007fff3c650000 - 0x00007fff3c6f5000 	C:\WINDOWS\System32\bcryptPrimitives.dll
0x00007fff21690000 - 0x00007fff2169e000 	C:\Program Files\Android\Android Studio1\jbr\bin\instrument.dll
0x00007fff144e0000 - 0x00007fff14500000 	C:\Program Files\Android\Android Studio1\jbr\bin\java.dll
0x00007fff0d750000 - 0x00007fff0d768000 	C:\Program Files\Android\Android Studio1\jbr\bin\zip.dll
0x00007fff3d690000 - 0x00007fff3dde3000 	C:\WINDOWS\System32\SHELL32.dll
0x00007fff3bd70000 - 0x00007fff3beda000 	C:\WINDOWS\System32\wintypes.dll
0x00007fff39520000 - 0x00007fff39d7e000 	C:\WINDOWS\SYSTEM32\windows.storage.dll
0x00007fff3e2d0000 - 0x00007fff3e3c5000 	C:\WINDOWS\System32\SHCORE.dll
0x00007fff3d180000 - 0x00007fff3d1e6000 	C:\WINDOWS\System32\shlwapi.dll
0x00007fff3bbb0000 - 0x00007fff3bbd9000 	C:\WINDOWS\SYSTEM32\profapi.dll
0x00007fff21640000 - 0x00007fff21650000 	C:\Program Files\Android\Android Studio1\jbr\bin\net.dll
0x00007fff3a8f0000 - 0x00007fff3aa18000 	C:\WINDOWS\SYSTEM32\WINHTTP.dll
0x00007fff3af50000 - 0x00007fff3afbb000 	C:\WINDOWS\system32\mswsock.dll
0x00007fff0c270000 - 0x00007fff0c286000 	C:\Program Files\Android\Android Studio1\jbr\bin\nio.dll
0x00007fff08ea0000 - 0x00007fff08eb0000 	C:\Program Files\Android\Android Studio1\jbr\bin\verify.dll
0x00007ffec1790000 - 0x00007ffec17b7000 	C:\Users\JorgeTerrones\.gradle\native\c067742578af261105cb4f569cf0c3c89f3d7b1fecec35dd04571415982c5e48\windows-amd64\native-platform.dll
0x00007ffe03f00000 - 0x00007ffe04044000 	C:\Users\JorgeTerrones\.gradle\native\100fb08df4bc3b14c8652ba06237920a3bd2aa13389f12d3474272988ae205f9\windows-amd64\native-platform-file-events.dll
0x00007fff0d740000 - 0x00007fff0d749000 	C:\Program Files\Android\Android Studio1\jbr\bin\management.dll
0x00007fff08ec0000 - 0x00007fff08ecb000 	C:\Program Files\Android\Android Studio1\jbr\bin\management_ext.dll
0x00007fff3cd20000 - 0x00007fff3cd28000 	C:\WINDOWS\System32\PSAPI.DLL
0x00007fff3b340000 - 0x00007fff3b35b000 	C:\WINDOWS\SYSTEM32\CRYPTSP.dll
0x00007fff3a830000 - 0x00007fff3a86a000 	C:\WINDOWS\system32\rsaenh.dll
0x00007fff3b000000 - 0x00007fff3b02b000 	C:\WINDOWS\SYSTEM32\USERENV.dll
0x00007fff3bb80000 - 0x00007fff3bbaa000 	C:\WINDOWS\SYSTEM32\bcrypt.dll
0x00007fff3b1a0000 - 0x00007fff3b1ac000 	C:\WINDOWS\SYSTEM32\CRYPTBASE.dll
0x00007fff3a210000 - 0x00007fff3a244000 	C:\WINDOWS\SYSTEM32\IPHLPAPI.DLL
0x00007fff3df60000 - 0x00007fff3df6a000 	C:\WINDOWS\System32\NSI.dll
0x00007fff144d0000 - 0x00007fff144d9000 	C:\Program Files\Android\Android Studio1\jbr\bin\extnet.dll
0x00007fff0c320000 - 0x00007fff0c328000 	C:\WINDOWS\system32\wshunix.dll
0x00007ffefa950000 - 0x00007ffefa968000 	C:\WINDOWS\system32\napinsp.dll
0x00007fff3a250000 - 0x00007fff3a37c000 	C:\WINDOWS\SYSTEM32\DNSAPI.dll
0x00007ffefa8f0000 - 0x00007ffefa902000 	C:\WINDOWS\System32\winrnr.dll
0x00007ffefa8c0000 - 0x00007ffefa8e2000 	C:\WINDOWS\system32\nlansp_c.dll
0x00007fff29c00000 - 0x00007fff29c16000 	C:\WINDOWS\system32\wshbth.dll
0x00007fff29c20000 - 0x00007fff29c2b000 	C:\Windows\System32\rasadhlp.dll
0x00007fff2e9e0000 - 0x00007fff2ea66000 	C:\WINDOWS\System32\fwpuclnt.dll
0x00007fff08f40000 - 0x00007fff08f5e000 	C:\Users\JorgeTerrones\AppData\Local\Temp\native-platform5185928336633991918dir\native-platform.dll
0x00007fff21630000 - 0x00007fff21637000 	C:\Program Files\Android\Android Studio1\jbr\bin\rmi.dll

JVMTI agents:
C:\Users\JorgeTerrones\.gradle\wrapper\dists\gradle-8.10.2-bin\a04bxjujx95o3nb99gddekhwo\gradle-8.10.2\lib\agents\gradle-instrumentation-agent-8.10.2.jar path:C:\Program Files\Android\Android Studio1\jbr\bin\instrument.dll, loaded, initialized, instrumentlib options:none

dbghelp: loaded successfully - version: 4.0.5 - missing functions: none
symbol engine: initialized successfully - sym options: 0x614 - pdb path: .;C:\Program Files\Android\Android Studio1\jbr\bin;C:\WINDOWS\SYSTEM32;C:\WINDOWS\WinSxS\amd64_microsoft.windows.common-controls_6595b64144ccf1df_6.0.26100.7309_none_3e05feeae336a044;C:\Program Files\Android\Android Studio1\jbr\bin\server;C:\Users\JorgeTerrones\.gradle\native\c067742578af261105cb4f569cf0c3c89f3d7b1fecec35dd04571415982c5e48\windows-amd64;C:\Users\JorgeTerrones\.gradle\native\100fb08df4bc3b14c8652ba06237920a3bd2aa13389f12d3474272988ae205f9\windows-amd64;C:\Users\JorgeTerrones\AppData\Local\Temp\native-platform5185928336633991918dir

VM Arguments:
jvm_args: --add-opens=java.base/java.util=ALL-UNNAMED --add-opens=java.base/java.lang=ALL-UNNAMED --add-opens=java.base/java.lang.invoke=ALL-UNNAMED --add-opens=java.prefs/java.util.prefs=ALL-UNNAMED --add-exports=jdk.compiler/com.sun.tools.javac.api=ALL-UNNAMED --add-exports=jdk.compiler/com.sun.tools.javac.util=ALL-UNNAMED --add-opens=java.base/java.nio.charset=ALL-UNNAMED --add-opens=java.base/java.net=ALL-UNNAMED --add-opens=java.base/java.util.concurrent.atomic=ALL-UNNAMED -Xmx8192m -Dfile.encoding=UTF-8 -Duser.country=PE -Duser.language=es -Duser.variant -javaagent:C:\Users\JorgeTerrones\.gradle\wrapper\dists\gradle-8.10.2-bin\a04bxjujx95o3nb99gddekhwo\gradle-8.10.2\lib\agents\gradle-instrumentation-agent-8.10.2.jar 
java_command: org.gradle.launcher.daemon.bootstrap.GradleDaemon 8.10.2
java_class_path (initial): C:\Users\JorgeTerrones\.gradle\wrapper\dists\gradle-8.10.2-bin\a04bxjujx95o3nb99gddekhwo\gradle-8.10.2\lib\gradle-daemon-main-8.10.2.jar
Launcher Type: SUN_STANDARD

[Global flags]
     intx CICompilerCount                          = 4                                         {product} {ergonomic}
     uint ConcGCThreads                            = 3                                         {product} {ergonomic}
     uint G1ConcRefinementThreads                  = 11                                        {product} {ergonomic}
   size_t G1HeapRegionSize                         = 4194304                                   {product} {ergonomic}
    uintx GCDrainStackTargetSize                   = 64                                        {product} {ergonomic}
   size_t InitialHeapSize                          = 528482304                                 {product} {ergonomic}
   size_t MarkStackSize                            = 4194304                                   {product} {ergonomic}
   size_t MaxHeapSize                              = 8589934592                                {product} {command line}
   size_t MaxNewSize                               = 5150605312                                {product} {ergonomic}
   size_t MinHeapDeltaBytes                        = 4194304                                   {product} {ergonomic}
   size_t MinHeapSize                              = 8388608                                   {product} {ergonomic}
    uintx NonNMethodCodeHeapSize                   = 5839372                                {pd product} {ergonomic}
    uintx NonProfiledCodeHeapSize                  = 122909434                              {pd product} {ergonomic}
    uintx ProfiledCodeHeapSize                     = 122909434                              {pd product} {ergonomic}
    uintx ReservedCodeCacheSize                    = 251658240                              {pd product} {ergonomic}
     bool SegmentedCodeCache                       = true                                      {product} {ergonomic}
   size_t SoftMaxHeapSize                          = 8589934592                             {manageable} {ergonomic}
     bool UseCompressedOops                        = true                           {product lp64_product} {ergonomic}
     bool UseG1GC                                  = true                                      {product} {ergonomic}
     bool UseLargePagesIndividualAllocation        = false                                  {pd product} {ergonomic}

Logging:
Log output configuration:
 #0: stdout all=warning uptime,level,tags foldmultilines=false
 #1: stderr all=off uptime,level,tags foldmultilines=false

Environment Variables:
JAVA_HOME=C:\Program Files\Android\Android Studio1\jbr
PATH=C:\Program Files\Eclipse Adoptium\jdk-17.0.17.10-hotspot\bin;C:\WINDOWS\system32;C:\WINDOWS;C:\WINDOWS\System32\Wbem;C:\WINDOWS\System32\WindowsPowerShell\v1.0\;C:\WINDOWS\System32\OpenSSH\;C:\Program Files (x86)\Microsoft SQL Server\160\Tools\Binn\;C:\Program Files\Microsoft SQL Server\160\Tools\Binn\;C:\Program Files\Microsoft SQL Server\Client SDK\ODBC\170\Tools\Binn\;C:\Program Files\Microsoft SQL Server\160\DTS\Binn\;C:\Users\JorgeTerrones\AppData\Local\nvm;C:\nvm4w\nodejs;C:\Program Files\Git\cmd;C:\Program Files\Docker\Docker\resources\bin;C:\Program Files\Microsoft SQL Server\150\Tools\Binn\;C:\Program Files\dotnet\;C:\WINDOWS\Microsoft.NET\Framework\v4.0.30319;C:\Program Files (x86)\Appeon\PowerBuilderUtilities 25.0;C:\Dev\flutter\bin;C:\Users\JorgeTerrones\AppData\Local\Programs\Python\Python311\Scripts\;C:\Users\JorgeTerrones\AppData\Local\Programs\Python\Python311\;C:\Users\JorgeTerrones\AppData\Local\Programs\Python\Python313\Scripts\;C:\Users\JorgeTerrones\AppData\Local\Programs\Python\Python313\;C:\Program Files\MySQL\MySQL Shell 8.0\bin\;C:\Users\JorgeTerrones\AppData\Local\Microsoft\WindowsApps;C:\Users\JorgeTerrones\AppData\Local\Programs\Microsoft VS Code\bin;C:\Users\JorgeTerrones\AppData\Local\GitHubDesktop\bin;C:\Users\JorgeTerrones\AppData\Roaming\npm;C:\Users\JorgeTerrones\AppData\Local\nvm;C:\nvm4w\nodejs;C:\Users\JorgeTerrones\.dotnet\tools;C:\Users\JorgeTerrones\AppData\Local\Microsoft\WinGet\Packages\Cloudflare.cloudflared_Microsoft.Winget.Source_8wekyb3d8bbwe;C:\Dev\flutter\bin;
USERNAME=JorgeTerrones
OS=Windows_NT
PROCESSOR_IDENTIFIER=Intel64 Family 6 Model 170 Stepping 4, GenuineIntel
TMP=C:\Users\JORGET~1\AppData\Local\Temp
TEMP=C:\Users\JORGET~1\AppData\Local\Temp




Periodic native trim disabled

JNI global refs:
JNI global refs: 31, weak refs: 131

JNI global refs memory usage: 835, weak refs: 2097

Process memory usage:
Resident Set Size: 3510696K (10% of 32993588K total physical memory with 5262952K free physical memory)

OOME stack traces (most recent first):
Classloader memory used:
Loader org.gradle.internal.classloader.VisitableURLClassLoader$InstrumentingVisitableURLClassLoader: 61769K
Loader org.gradle.internal.classloader.VisitableURLClassLoader                         : 48706K
Loader bootstrap                                                                       : 33689K
Loader org.gradle.initialization.MixInLegacyTypesClassLoader                           : 14268K
Loader jdk.internal.reflect.DelegatingClassLoader                                      : 732K
Loader jdk.internal.loader.ClassLoaders$PlatformClassLoader                            : 580K
Loader org.gradle.internal.classloader.VisitableURLClassLoader                         : 327K
Loader jdk.internal.loader.ClassLoaders$AppClassLoader                                 : 238K
Loader org.gradle.groovy.scripts.internal.DefaultScriptCompilationHandler$ScriptClassLoader: 135K
Loader org.codehaus.groovy.runtime.callsite.CallSiteClassLoader                        : 27632B
Loader sun.reflect.misc.MethodUtil                                                     : 3024B

Classes loaded by more than one classloader:
Class Program                                                                         : loaded 6 times (x 72B)
Class Build_gradle                                                                    : loaded 4 times (x 130B)
Class Build_gradle$1                                                                  : loaded 3 times (x 74B)
Class com.google.common.collect.RegularImmutableMap$KeySet                            : loaded 2 times (x 150B)
Class org.gradle.internal.classloader.FilteringClassLoader                            : loaded 2 times (x 105B)
Class com.google.common.collect.SortedSetMultimap                                     : loaded 2 times (x 70B)
Class com.google.common.cache.LocalCache$ValueIterator                                : loaded 2 times (x 86B)
Class [Lcom.google.common.collect.MapMakerInternalMap$Segment;                        : loaded 2 times (x 69B)
Class com.google.common.io.FileWriteMode                                              : loaded 2 times (x 79B)
Class net.rubygrapefruit.platform.internal.Platform$FreeBSD64Bit                      : loaded 2 times (x 82B)
Class [Lcom.google.common.base.AbstractIterator$State;                                : loaded 2 times (x 69B)
Class com.google.common.base.CharMatcher$IsEither                                     : loaded 2 times (x 111B)
Class org.gradle.internal.classloader.ClassLoaderHierarchy                            : loaded 2 times (x 70B)
Class [Lcom.google.common.cache.RemovalCause;                                         : loaded 2 times (x 69B)
Class net.rubygrapefruit.platform.internal.Platform$FreeBSD                           : loaded 2 times (x 82B)
Class com.google.common.collect.AbstractMapBasedMultimap$WrappedCollection            : loaded 2 times (x 124B)
Class com.google.common.collect.ImmutableEnumSet                                      : loaded 2 times (x 146B)
Class com.google.common.util.concurrent.ExecutionError                                : loaded 2 times (x 82B)
Class com.google.common.collect.ImmutableList$1                                       : loaded 2 times (x 97B)
Class org.gradle.api.internal.classpath.ManifestUtil                                  : loaded 2 times (x 71B)
Class com.google.common.io.ByteArrayDataOutput                                        : loaded 2 times (x 70B)
Class net.rubygrapefruit.platform.NativeException                                     : loaded 2 times (x 82B)
Class com.google.common.collect.RegularImmutableMap                                   : loaded 2 times (x 121B)
Class com.google.common.collect.ImmutableMap$MapViewOfValuesAsSingletonSets           : loaded 2 times (x 125B)
Class com.google.common.cache.LocalCache$Values                                       : loaded 2 times (x 118B)
Class com.google.common.reflect.TypeCapture                                           : loaded 2 times (x 71B)
Class [Lorg.objectweb.asm.Symbol;                                                     : loaded 2 times (x 69B)
Class org.objectweb.asm.ClassVisitor                                                  : loaded 2 times (x 88B)
Class com.google.common.collect.UnmodifiableListIterator                              : loaded 2 times (x 95B)
Class com.google.common.collect.MapMakerInternalMap$StrongKeyDummyValueEntry$LinkedStrongKeyDummyValueEntry: loaded 2 times (x 82B)
Class com.google.common.collect.MapMakerInternalMap$Strength                          : loaded 2 times (x 80B)
Class org.objectweb.asm.MethodTooLargeException                                       : loaded 2 times (x 83B)
Class [Lcom.google.common.cache.CacheBuilder$OneWeigher;                              : loaded 2 times (x 69B)
Class com.google.common.base.Suppliers                                                : loaded 2 times (x 71B)
Class com.google.common.base.Platform$JdkPatternCompiler                              : loaded 2 times (x 75B)
Class org.gradle.internal.classloader.DefaultClassLoaderFactory                       : loaded 2 times (x 82B)
Class org.apache.commons.io.file.PathUtils                                            : loaded 2 times (x 71B)
Class com.google.common.io.ByteSource$ConcatenatedByteSource                          : loaded 2 times (x 85B)
Class [Lcom.google.common.collect.AbstractIterator$State;                             : loaded 2 times (x 69B)
Class com.google.common.base.CharMatcher$None                                         : loaded 2 times (x 112B)
Class org.gradle.internal.classloader.ClassLoaderVisitor                              : loaded 2 times (x 76B)
Class net.rubygrapefruit.platform.NativeIntegrationUnavailableException               : loaded 2 times (x 82B)
Class net.rubygrapefruit.platform.internal.Platform                                   : loaded 2 times (x 79B)
Class [Lcom.google.common.collect.ImmutableMapEntry;                                  : loaded 2 times (x 69B)
Class org.gradle.api.internal.classpath.EffectiveClassPath                            : loaded 2 times (x 90B)
Class com.google.common.collect.ImmutableRangeSet                                     : loaded 2 times (x 115B)
Class com.google.common.collect.CollectSpliterators$1WithCharacteristics              : loaded 2 times (x 90B)
Class com.google.common.collect.AbstractIterator$1                                    : loaded 2 times (x 71B)
Class [Lorg.apache.commons.io.StandardLineSeparator;                                  : loaded 2 times (x 69B)
Class org.apache.commons.io.output.StringBuilderWriter                                : loaded 2 times (x 100B)
Class com.google.common.collect.ImmutableEnumMap                                      : loaded 2 times (x 125B)
Class com.google.common.collect.ListMultimap                                          : loaded 2 times (x 70B)
Class com.google.common.collect.Iterators$EmptyModifiableIterator                     : loaded 2 times (x 86B)
Class com.google.common.collect.Sets$1                                                : loaded 2 times (x 139B)
Class org.objectweb.asm.AnnotationVisitor                                             : loaded 2 times (x 78B)
Class com.google.common.base.Splitter                                                 : loaded 2 times (x 72B)
Class org.gradle.api.internal.DefaultClassPathProvider                                : loaded 2 times (x 76B)
Class com.google.common.collect.MapMakerInternalMap$Strength$1                        : loaded 2 times (x 80B)
Class com.google.common.collect.Maps$ViewCachingAbstractMap                           : loaded 2 times (x 125B)
Class [Lcom.google.common.base.Function;                                              : loaded 2 times (x 69B)
Class com.google.common.collect.Sets$2                                                : loaded 2 times (x 139B)
Class [Lorg.gradle.api.internal.ClassPathProvider;                                    : loaded 2 times (x 69B)
Class org.gradle.api.internal.ClassPathProvider                                       : loaded 2 times (x 70B)
Class com.google.common.collect.MapMakerInternalMap$Strength$2                        : loaded 2 times (x 80B)
Class com.google.common.reflect.Types$ClassOwnership$1                                : loaded 2 times (x 80B)
Class [Lorg.objectweb.asm.AnnotationVisitor;                                          : loaded 2 times (x 69B)
Class com.google.common.collect.Sets$3                                                : loaded 2 times (x 139B)
Class com.google.common.util.concurrent.AbstractFuture$SafeAtomicHelper               : loaded 2 times (x 79B)
Class com.google.common.cache.LocalCache$LocalLoadingCache                            : loaded 2 times (x 134B)
Class com.google.common.base.AbstractIterator$State                                   : loaded 2 times (x 79B)
Class org.gradle.internal.service.UnknownServiceException                             : loaded 2 times (x 83B)
Class com.google.common.collect.MapMakerInternalMap$StrongValueEntry                  : loaded 2 times (x 70B)
Class com.google.common.io.ByteArrayDataInput                                         : loaded 2 times (x 70B)
Class com.google.common.reflect.Types$ClassOwnership$2                                : loaded 2 times (x 80B)
Class com.google.common.reflect.TypeResolver                                          : loaded 2 times (x 72B)
Class com.google.common.collect.Sets$4                                                : loaded 2 times (x 139B)
Class org.objectweb.asm.ModuleVisitor                                                 : loaded 2 times (x 81B)
Class com.google.common.cache.LocalCache$Strength$1                                   : loaded 2 times (x 81B)
Class com.google.common.reflect.Types$ClassOwnership$3                                : loaded 2 times (x 71B)
Class com.google.common.collect.Collections2$FilteredCollection                       : loaded 2 times (x 119B)
Class net.rubygrapefruit.platform.internal.Platform$MacOs64Bit                        : loaded 2 times (x 82B)
Class org.apache.commons.io.output.QueueOutputStream                                  : loaded 2 times (x 87B)
Class com.google.common.util.concurrent.SettableFuture                                : loaded 2 times (x 114B)
Class com.google.common.cache.LocalCache$Strength$2                                   : loaded 2 times (x 81B)
Class com.google.common.collect.Interners$InternerImpl                                : loaded 2 times (x 75B)
Class com.google.common.collect.Interner                                              : loaded 2 times (x 70B)
Class com.google.common.io.ByteStreams                                                : loaded 2 times (x 71B)
Class com.google.common.collect.TransformedIterator                                   : loaded 2 times (x 80B)
Class [Lcom.google.common.collect.Maps$EntryFunction;                                 : loaded 2 times (x 69B)
Class net.rubygrapefruit.platform.internal.Platform$Posix                             : loaded 2 times (x 81B)
Class com.google.common.cache.LocalCache$Strength$3                                   : loaded 2 times (x 81B)
Class com.google.common.collect.MapDifference                                         : loaded 2 times (x 70B)
Class com.google.common.base.Splitter$1                                               : loaded 2 times (x 77B)
Class com.google.common.collect.MapMaker$Dummy                                        : loaded 2 times (x 79B)
Class com.google.common.reflect.Invokable                                             : loaded 2 times (x 103B)
Class org.objectweb.asm.FieldWriter                                                   : loaded 2 times (x 78B)
Class com.google.common.cache.CacheBuilder$NullListener                               : loaded 2 times (x 82B)
Class ijKotlinCoroutineJvmDebugInit1_22gpr8aucd0bel8oo488ierlx                        : loaded 2 times (x 179B)
Class org.gradle.internal.classpath.TransformedClassPath                              : loaded 2 times (x 96B)
Class org.gradle.internal.classloader.InstrumentingClassLoader                        : loaded 2 times (x 70B)
Class com.google.common.collect.ImmutableRangeSet$AsSet                               : loaded 2 times (x 299B)
Class com.google.common.collect.ImmutableListMultimap                                 : loaded 2 times (x 176B)
Class com.google.common.reflect.Types$ParameterizedTypeImpl                           : loaded 2 times (x 81B)
Class com.google.common.collect.Maps$IteratorBasedAbstractMap$1                       : loaded 2 times (x 138B)
Class org.apache.commons.io.output.UnsynchronizedByteArrayOutputStream                : loaded 2 times (x 102B)
Class com.google.common.cache.CacheLoader$FunctionToCacheLoader                       : loaded 2 times (x 75B)
Class com.google.common.collect.Iterators$ArrayItr                                    : loaded 2 times (x 97B)
Class com.google.common.collect.ImmutableCollection$Builder                           : loaded 2 times (x 76B)
Class com.google.common.collect.EmptyImmutableListMultimap                            : loaded 2 times (x 176B)
Class com.google.common.collect.BaseImmutableMultimap                                 : loaded 2 times (x 123B)
Class com.google.common.reflect.TypeResolver$TypeVariableKey                          : loaded 2 times (x 72B)
Class org.apache.commons.io.output.ByteArrayOutputStream                              : loaded 2 times (x 102B)
Class com.google.common.base.Joiner                                                   : loaded 2 times (x 79B)
Class com.google.common.base.MoreObjects                                              : loaded 2 times (x 71B)
Class [Lorg.objectweb.asm.Type;                                                       : loaded 2 times (x 69B)
Class com.google.common.collect.Platform                                              : loaded 2 times (x 71B)
Class com.google.common.collect.UnmodifiableIterator                                  : loaded 2 times (x 80B)
Class org.gradle.internal.service.ServiceLocator                                      : loaded 2 times (x 70B)
Class org.apache.commons.io.FileExistsException                                       : loaded 2 times (x 82B)
Class com.google.common.collect.HashBiMap$BiEntry                                     : loaded 2 times (x 83B)
Class com.google.common.base.Ascii                                                    : loaded 2 times (x 71B)
Class com.google.common.collect.SingletonImmutableBiMap                               : loaded 2 times (x 143B)
Class com.google.common.cache.LocalCache$1                                            : loaded 2 times (x 89B)
Class com.google.common.collect.AbstractMapEntry                                      : loaded 2 times (x 81B)
Class com.google.common.collect.AbstractSetMultimap                                   : loaded 2 times (x 174B)
Class com.google.common.collect.MapMakerInternalMap$AbstractStrongKeyEntry            : loaded 2 times (x 80B)
Class com.google.common.io.ByteSource$ByteArrayByteSource                             : loaded 2 times (x 85B)
Class com.google.common.reflect.TypeToken$SimpleTypeToken                             : loaded 2 times (x 73B)
Class com.google.common.collect.Sets$ImprovedAbstractSet                              : loaded 2 times (x 135B)
Class com.google.common.collect.ImmutableList$Builder                                 : loaded 2 times (x 77B)
Class com.google.common.cache.LocalCache$2                                            : loaded 2 times (x 142B)
Class com.google.common.collect.AbstractMultimap                                      : loaded 2 times (x 123B)
Class com.google.common.collect.ImmutableRangeSet$1                                   : loaded 2 times (x 209B)
Class com.google.common.util.concurrent.AbstractFuture$UnsafeAtomicHelper$1           : loaded 2 times (x 76B)
Class com.google.common.collect.RegularImmutableAsList                                : loaded 2 times (x 216B)
Class com.google.common.collect.Range                                                 : loaded 2 times (x 87B)
Class com.google.common.base.Optional                                                 : loaded 2 times (x 80B)
Class com.google.common.util.concurrent.AbstractFuture$Trusted                        : loaded 2 times (x 70B)
Class com.google.common.collect.Iterators                                             : loaded 2 times (x 71B)
Class com.google.common.base.CharMatcher$RangesMatcher                                : loaded 2 times (x 112B)
Class ijJvmDebugger1_68f9j0wksi3ydqdgnys6zr116                                        : loaded 2 times (x 179B)
Class com.google.common.io.ByteSink$AsCharSink                                        : loaded 2 times (x 80B)
Class net.rubygrapefruit.platform.internal.Platform$Linux32Bit                        : loaded 2 times (x 83B)
Class com.google.common.util.concurrent.UncheckedExecutionException                   : loaded 2 times (x 82B)
Class com.google.common.collect.Lists$StringAsImmutableList                           : loaded 2 times (x 207B)
Class org.gradle.kotlin.dsl.VersionCatalogAccessorsKt                                 : loaded 2 times (x 71B)
Class com.google.common.collect.ImmutableSortedSetFauxverideShim                      : loaded 2 times (x 147B)
Class net.rubygrapefruit.platform.Native                                              : loaded 2 times (x 71B)
Class net.rubygrapefruit.platform.NativeIntegration                                   : loaded 2 times (x 70B)
Class com.google.common.base.CharMatcher$JavaLetterOrDigit                            : loaded 2 times (x 111B)
Class ijKotlinCoroutineJvmDebugInit1_22gpr8aucd0bel8oo488ierlx$_run_closure1          : loaded 2 times (x 139B)
Class org.gradle.internal.InternalTransformer                                         : loaded 2 times (x 70B)
Class [Lnet.rubygrapefruit.platform.internal.FunctionResult$Failure;                  : loaded 2 times (x 69B)
Class com.google.common.collect.AbstractMapBasedMultimap$KeySet$1                     : loaded 2 times (x 82B)
Class org.objectweb.asm.ClassWriter                                                   : loaded 2 times (x 106B)
Class com.google.common.cache.CacheLoader$UnsupportedLoadingOperationException        : loaded 2 times (x 82B)
Class com.google.common.base.CharMatcher$And                                          : loaded 2 times (x 112B)
Class org.gradle.internal.classloader.ClasspathUtil$1                                 : loaded 2 times (x 76B)
Class com.google.common.collect.FluentIterable$1                                      : loaded 2 times (x 81B)
Class com.google.common.base.Objects                                                  : loaded 2 times (x 71B)
Class org.objectweb.asm.FieldVisitor                                                  : loaded 2 times (x 77B)
Class com.google.common.collect.IndexedImmutableSet                                   : loaded 2 times (x 150B)
Class com.google.common.collect.ImmutableMap$1                                        : loaded 2 times (x 81B)
Class com.google.common.collect.BiMap                                                 : loaded 2 times (x 70B)
Class org.gradle.api.internal.classpath.DefaultModuleRegistry$DefaultModule           : loaded 2 times (x 86B)
Class com.google.common.reflect.Reflection                                            : loaded 2 times (x 71B)
Class com.google.common.base.Equivalence$Identity                                     : loaded 2 times (x 82B)
Class com.google.common.base.Absent                                                   : loaded 2 times (x 80B)
Class com.google.common.primitives.Ints                                               : loaded 2 times (x 71B)
Class com.google.common.collect.AbstractIterator                                      : loaded 2 times (x 82B)
Class com.google.common.collect.FluentIterable$3                                      : loaded 2 times (x 81B)
Class com.google.common.math.MathPreconditions                                        : loaded 2 times (x 71B)
Class com.google.common.collect.Multiset                                              : loaded 2 times (x 70B)
Class com.google.common.collect.ArrayListMultimapGwtSerializationDependencies         : loaded 2 times (x 172B)
Class com.google.common.collect.ObjectArrays                                          : loaded 2 times (x 71B)
Class com.google.common.collect.AbstractIndexedListIterator                           : loaded 2 times (x 96B)
Class org.apache.commons.io.output.NullOutputStream                                   : loaded 2 times (x 85B)
Class com.google.common.collect.ImmutableMapEntrySet                                  : loaded 2 times (x 151B)
Class org.gradle.api.internal.classpath.Module                                        : loaded 2 times (x 70B)
Class com.google.common.cache.Weigher                                                 : loaded 2 times (x 70B)
Class org.gradle.api.internal.classpath.UnknownModuleException                        : loaded 2 times (x 82B)
Class com.google.common.base.Stopwatch                                                : loaded 2 times (x 72B)
Class com.google.common.cache.LocalCache$Strength                                     : loaded 2 times (x 81B)
Class com.google.common.cache.Cache                                                   : loaded 2 times (x 70B)
Class org.apache.commons.io.filefilter.IOFileFilter                                   : loaded 2 times (x 70B)
Class com.google.common.io.AppendableWriter                                           : loaded 2 times (x 100B)
Class com.google.common.io.Files$2                                                    : loaded 2 times (x 76B)
Class com.google.common.util.concurrent.AbstractFuture$Cancellation                   : loaded 2 times (x 72B)
Class com.google.common.collect.ImmutableMap$Builder                                  : loaded 2 times (x 82B)
Class com.google.common.base.NullnessCasts                                            : loaded 2 times (x 71B)
Class com.google.common.collect.AbstractMapBasedMultimap$WrappedCollection$WrappedIterator: loaded 2 times (x 84B)
Class com.google.common.collect.Maps$EntryFunction$1                                  : loaded 2 times (x 91B)
Class com.google.common.base.Present                                                  : loaded 2 times (x 81B)
Class net.rubygrapefruit.platform.internal.FunctionResult                             : loaded 2 times (x 77B)
Class com.google.common.cache.RemovalListener                                         : loaded 2 times (x 70B)
Class org.gradle.api.internal.DefaultClassPathRegistry                                : loaded 2 times (x 76B)
Class org.apache.commons.io.file.DeleteOption                                         : loaded 2 times (x 70B)
Class com.google.common.collect.ImmutableMultimap$Keys                                : loaded 2 times (x 166B)
Class com.google.common.reflect.Invokable$ConstructorInvokable                        : loaded 2 times (x 107B)
Class com.google.common.collect.Maps$EntryFunction$2                                  : loaded 2 times (x 91B)
Class net.rubygrapefruit.platform.NativeIntegrationLinkageException                   : loaded 2 times (x 82B)
Class com.google.common.primitives.IntsMethodsForWeb                                  : loaded 2 times (x 71B)
Class com.google.common.collect.Multimap                                              : loaded 2 times (x 70B)
Class org.gradle.api.internal.ClassPathRegistry                                       : loaded 2 times (x 70B)
Class org.gradle.internal.classpath.DefaultClassPath$ImmutableUniqueList              : loaded 2 times (x 199B)
Class com.google.common.collect.MapMakerInternalMap$Segment                           : loaded 2 times (x 142B)
Class com.google.common.collect.NullnessCasts                                         : loaded 2 times (x 71B)
Class com.google.common.reflect.TypeToken                                             : loaded 2 times (x 73B)
Class com.google.common.base.ExtraObjectsMethodsForWeb                                : loaded 2 times (x 71B)
Class org.apache.commons.io.IOUtils                                                   : loaded 2 times (x 71B)
Class com.google.common.base.PairwiseEquivalence                                      : loaded 2 times (x 83B)
Class com.google.common.cache.RemovalCause                                            : loaded 2 times (x 80B)
Class com.google.common.io.ByteSink                                                   : loaded 2 times (x 76B)
Class net.rubygrapefruit.platform.internal.jni.NativeLibraryFunctions                 : loaded 2 times (x 71B)
Class com.google.common.cache.CacheBuilder                                            : loaded 2 times (x 72B)
Class com.google.common.collect.SingletonImmutableList                                : loaded 2 times (x 207B)
Class Settings_gradle$1                                                               : loaded 2 times (x 75B)
Class org.gradle.internal.classpath.ClassPath                                         : loaded 2 times (x 70B)
Class org.gradle.api.UncheckedIOException                                             : loaded 2 times (x 82B)
Class com.google.common.collect.Interners$InternerBuilder                             : loaded 2 times (x 76B)
Class com.google.common.io.Files$FileByteSource                                       : loaded 2 times (x 85B)
Class [Lcom.google.common.reflect.Types$JavaVersion;                                  : loaded 2 times (x 69B)
Class com.google.common.collect.ImmutableList$ReverseImmutableList                    : loaded 2 times (x 208B)
Class com.google.common.base.JdkPattern                                               : loaded 2 times (x 75B)
Class com.google.common.io.CharStreams$NullWriter                                     : loaded 2 times (x 99B)
Class net.rubygrapefruit.platform.internal.Platform$Windows                           : loaded 2 times (x 79B)
Class org.objectweb.asm.SymbolTable$Entry                                             : loaded 2 times (x 74B)
Class com.google.common.util.concurrent.AbstractFuture$AtomicHelper                   : loaded 2 times (x 78B)
Class ijKotlinCoroutineJvmDebugInit1_22gpr8aucd0bel8oo488ierlx$_run_closure1$_closure2: loaded 2 times (x 139B)
Class org.objectweb.asm.Edge                                                          : loaded 2 times (x 72B)
Class com.google.common.base.Suppliers$SupplierOfInstance                             : loaded 2 times (x 79B)
Class com.google.common.collect.Iterators$1                                           : loaded 2 times (x 81B)
Class com.google.common.reflect.TypeToken$1                                           : loaded 2 times (x 110B)
Class com.google.common.cache.LocalCache$ComputingValueReference                      : loaded 2 times (x 96B)
Class com.google.common.collect.SingletonImmutableSet                                 : loaded 2 times (x 146B)
Class com.google.common.collect.ImmutableMap$IteratorBasedImmutableMap                : loaded 2 times (x 125B)
Class com.google.common.collect.AbstractMapBasedMultimap$AsMap$AsMapEntries           : loaded 2 times (x 138B)
Class com.google.common.reflect.TypeToken$2                                           : loaded 2 times (x 110B)
Class com.google.common.cache.LocalCache$Segment                                      : loaded 2 times (x 154B)
Class com.google.common.collect.SortedIterable                                        : loaded 2 times (x 70B)
Class net.rubygrapefruit.platform.internal.LibraryDef                                 : loaded 2 times (x 72B)
Class [Lorg.objectweb.asm.SymbolTable$Entry;                                          : loaded 2 times (x 69B)
Class com.google.common.cache.CacheLoader                                             : loaded 2 times (x 74B)
Class com.google.common.collect.Iterators$4                                           : loaded 2 times (x 82B)
Class com.google.common.collect.ImmutableBiMap                                        : loaded 2 times (x 143B)
Class com.google.common.collect.AbstractListMultimap                                  : loaded 2 times (x 172B)
Class org.gradle.internal.installation.GradleInstallation$1                           : loaded 2 times (x 75B)
Class org.gradle.api.internal.classpath.ModuleRegistry                                : loaded 2 times (x 70B)
Class org.apache.commons.io.output.NullWriter                                         : loaded 2 times (x 99B)
Class com.google.common.util.concurrent.internal.InternalFutureFailureAccess          : loaded 2 times (x 72B)
Class com.google.common.collect.Iterators$5                                           : loaded 2 times (x 82B)
Class com.google.common.collect.ImmutableSet$JdkBackedSetBuilderImpl                  : loaded 2 times (x 76B)
Class com.google.common.base.Splitter$SplittingIterator                               : loaded 2 times (x 84B)
Class com.google.common.collect.ImmutableMultimap$Values                              : loaded 2 times (x 126B)
Class com.google.common.collect.Iterators$6                                           : loaded 2 times (x 81B)
Class com.google.common.collect.HashBiMap$Inverse                                     : loaded 2 times (x 142B)
Class com.google.common.io.Closer$SuppressingSuppressor                               : loaded 2 times (x 75B)
Class com.google.common.util.concurrent.AbstractFuture$UnsafeAtomicHelper             : loaded 2 times (x 78B)
Class com.google.common.cache.LocalCache$LocalManualCache$1                           : loaded 2 times (x 75B)
Class com.google.common.base.CharMatcher$ForPredicate                                 : loaded 2 times (x 112B)
Class com.google.common.collect.Multimaps$CustomSetMultimap                           : loaded 2 times (x 178B)
Class net.rubygrapefruit.platform.internal.Platform$Window32Bit                       : loaded 2 times (x 79B)
Class com.google.common.collect.ImmutableCollection                                   : loaded 2 times (x 125B)
Class com.google.common.base.CharMatcher$AnyOf                                        : loaded 2 times (x 112B)
Class org.gradle.api.internal.classpath.DefaultModuleRegistry                         : loaded 2 times (x 86B)
Class com.google.common.util.concurrent.ListenableFuture                              : loaded 2 times (x 70B)
Class com.google.common.cache.ReferenceEntry                                          : loaded 2 times (x 70B)
Class com.google.common.collect.ImmutableSet$CachingAsList                            : loaded 2 times (x 147B)
Class com.google.common.base.Converter                                                : loaded 2 times (x 90B)
Class com.google.common.collect.Lists                                                 : loaded 2 times (x 71B)
Class com.google.common.base.CharMatcher$Any                                          : loaded 2 times (x 112B)
Class com.google.common.util.concurrent.AbstractFuture                                : loaded 2 times (x 106B)
Class com.google.common.base.FunctionalEquivalence                                    : loaded 2 times (x 83B)
Class com.google.common.collect.Iterators$9                                           : loaded 2 times (x 81B)
Class com.google.common.collect.AbstractMapBasedMultimap                              : loaded 2 times (x 139B)
Class com.google.common.collect.ImmutableAsList                                       : loaded 2 times (x 209B)
Class com.google.common.io.CharStreams                                                : loaded 2 times (x 71B)
Class com.google.common.collect.ImmutableMultiset                                     : loaded 2 times (x 163B)
Class com.google.common.reflect.TypeResolver$TypeTable                                : loaded 2 times (x 73B)
Class org.objectweb.asm.RecordComponentVisitor                                        : loaded 2 times (x 77B)
Class com.google.common.cache.CacheLoader$SupplierToCacheLoader                       : loaded 2 times (x 75B)
Class com.google.common.reflect.TypeResolver$TypeTable$1                              : loaded 2 times (x 73B)
Class com.google.common.collect.Maps$EntryTransformer                                 : loaded 2 times (x 70B)
Class org.gradle.internal.service.ServiceLookupException                              : loaded 2 times (x 82B)
Class com.google.common.collect.ImmutableSortedSet                                    : loaded 2 times (x 299B)
Class com.google.common.collect.Lists$ReverseList                                     : loaded 2 times (x 200B)
Class [Lcom.google.common.cache.LocalCache$EntryFactory;                              : loaded 2 times (x 69B)
Class com.google.common.base.CharMatcher$JavaLetter                                   : loaded 2 times (x 111B)
Class org.gradle.internal.classloader.ClassLoaderFactory                              : loaded 2 times (x 70B)
Class net.rubygrapefruit.platform.internal.Platform$Linux                             : loaded 2 times (x 83B)
Class org.apache.commons.io.CloseableURLConnection                                    : loaded 2 times (x 117B)
Class com.google.common.cache.LocalCache$LocalManualCache                             : loaded 2 times (x 99B)
Class com.google.common.base.CharMatcher$IsNot                                        : loaded 2 times (x 111B)
Class com.google.common.base.CommonPattern                                            : loaded 2 times (x 74B)
Class org.gradle.internal.service.CachingServiceLocator                               : loaded 2 times (x 82B)
Class com.google.common.collect.RegularImmutableSortedSet                             : loaded 2 times (x 299B)
Class com.google.common.collect.AbstractMapBasedMultimap$KeySet                       : loaded 2 times (x 137B)
Class com.google.common.math.IntMath                                                  : loaded 2 times (x 71B)
Class com.google.common.collect.MapMakerInternalMap$InternalEntry                     : loaded 2 times (x 70B)
Class com.google.common.reflect.Types$TypeVariableInvocationHandler                   : loaded 2 times (x 75B)
Class [Lcom.google.common.collect.HashBiMap$BiEntry;                                  : loaded 2 times (x 69B)
Class com.google.common.collect.Iterators$10                                          : loaded 2 times (x 81B)
Class com.google.common.collect.ImmutableMapEntry                                     : loaded 2 times (x 85B)
Class com.google.common.base.CharMatcher$JavaDigit                                    : loaded 2 times (x 111B)
Class com.google.common.collect.ImmutableMultimap                                     : loaded 2 times (x 147B)
Class com.google.common.base.Predicates                                               : loaded 2 times (x 71B)
Class com.google.common.base.Equivalence                                              : loaded 2 times (x 82B)
Class com.google.common.collect.ImmutableMapEntry$NonTerminalImmutableMapEntry        : loaded 2 times (x 85B)
Class com.google.common.base.Function                                                 : loaded 2 times (x 70B)
Class com.google.common.collect.IndexedImmutableSet$1                                 : loaded 2 times (x 212B)
Class org.apache.commons.io.output.AbstractByteArrayOutputStream                      : loaded 2 times (x 102B)
Class com.google.common.cache.CacheBuilder$OneWeigher                                 : loaded 2 times (x 82B)
Class com.google.common.collect.RegularImmutableList                                  : loaded 2 times (x 212B)
Class com.google.common.reflect.Types$ClassOwnership$1LocalClass                      : loaded 2 times (x 71B)
Class com.google.common.collect.Maps$EntryFunction                                    : loaded 2 times (x 91B)
Class net.rubygrapefruit.platform.internal.Platform$Unsupported                       : loaded 2 times (x 79B)
Class net.rubygrapefruit.platform.internal.Platform$FreeBSD32Bit                      : loaded 2 times (x 82B)
Class com.google.common.collect.ImmutableBiMapFauxverideShim                          : loaded 2 times (x 120B)
Class org.gradle.internal.classloader.ClasspathUtil                                   : loaded 2 times (x 71B)
Class net.rubygrapefruit.platform.internal.Platform$Unix                              : loaded 2 times (x 82B)
Class com.google.common.base.Charsets                                                 : loaded 2 times (x 71B)
Class com.google.common.util.concurrent.Uninterruptibles                              : loaded 2 times (x 71B)
Class com.google.common.collect.AbstractMapBasedMultimap$WrappedSet                   : loaded 2 times (x 142B)
Class com.google.common.io.CharSource                                                 : loaded 2 times (x 85B)
Class com.google.common.collect.Maps                                                  : loaded 2 times (x 71B)
Class com.google.common.base.CharMatcher$JavaUpperCase                                : loaded 2 times (x 111B)
Class org.gradle.api.specs.Spec                                                       : loaded 2 times (x 70B)
Class com.google.common.collect.MapMaker                                              : loaded 2 times (x 72B)
Class org.apache.commons.io.file.PathFilter                                           : loaded 2 times (x 70B)
Class com.google.common.reflect.Types$JavaVersion                                     : loaded 2 times (x 83B)
Class [Lcom.google.common.collect.ImmutableEntry;                                     : loaded 2 times (x 69B)
Class com.google.common.cache.LocalCache$LoadingValueReference                        : loaded 2 times (x 96B)
Class com.google.common.collect.FluentIterable$2                                      : loaded 2 times (x 81B)
Class com.google.common.collect.MapMakerInternalMap$StrongKeyDummyValueEntry          : loaded 2 times (x 82B)
Class com.google.common.io.LineReader$1                                               : loaded 2 times (x 75B)
Class com.google.common.collect.AbstractMapBasedMultimap$AsMap                        : loaded 2 times (x 128B)
Class com.google.common.collect.CollectSpliterators                                   : loaded 2 times (x 71B)
Class com.google.common.reflect.Invokable$MethodInvokable                             : loaded 2 times (x 107B)
Class com.google.common.base.Platform                                                 : loaded 2 times (x 71B)
Class com.google.common.collect.AbstractMapBasedMultimap$WrappedList                  : loaded 2 times (x 205B)
Class [Lorg.objectweb.asm.AnnotationWriter;                                           : loaded 2 times (x 69B)
Class com.google.common.primitives.Ints$IntConverter                                  : loaded 2 times (x 90B)
Class com.google.common.collect.Maps$8                                                : loaded 2 times (x 82B)
Class [Lcom.google.common.collect.Iterators$EmptyModifiableIterator;                  : loaded 2 times (x 69B)
Class com.google.common.collect.ImmutableRangeSet$Builder                             : loaded 2 times (x 77B)
Class com.google.common.base.Predicates$CompositionPredicate                          : loaded 2 times (x 88B)
Class com.google.common.collect.Lists$ReverseList$1                                   : loaded 2 times (x 99B)
Class com.google.common.collect.Sets$SetView                                          : loaded 2 times (x 138B)
Class com.google.common.cache.LocalCache$StrongValueReference                         : loaded 2 times (x 90B)
Class com.google.common.util.concurrent.AbstractFuture$SynchronizedHelper             : loaded 2 times (x 78B)
Class com.google.common.base.CharMatcher$Invisible                                    : loaded 2 times (x 112B)
Class com.google.common.graph.SuccessorsFunction                                      : loaded 2 times (x 70B)
Class org.objectweb.asm.Type                                                          : loaded 2 times (x 72B)
Class org.gradle.internal.classloader.VisitableURLClassLoader$InstrumentingVisitableURLClassLoader: loaded 2 times (x 123B)
Class com.google.common.collect.MapMakerInternalMap$StrongKeyDummyValueEntry$Helper   : loaded 2 times (x 79B)
Class org.apache.commons.io.FileUtils                                                 : loaded 2 times (x 71B)
Class com.google.common.io.Files$FileByteSink                                         : loaded 2 times (x 77B)
Class org.objectweb.asm.ByteVector                                                    : loaded 2 times (x 79B)
Class [Lcom.google.common.cache.CacheBuilder$NullListener;                            : loaded 2 times (x 69B)
Class com.google.common.math.IntMath$1                                                : loaded 2 times (x 71B)
Class org.gradle.internal.classloader.VisitableURLClassLoader$Spec                    : loaded 2 times (x 74B)
Class org.gradle.internal.classpath.DefaultClassPath                                  : loaded 2 times (x 90B)
Class com.google.common.reflect.Types$ClassOwnership                                  : loaded 2 times (x 80B)
Class org.objectweb.asm.Symbol                                                        : loaded 2 times (x 73B)
Class com.google.common.base.AbstractIterator                                         : loaded 2 times (x 80B)
Class com.google.common.io.Java8Compatibility                                         : loaded 2 times (x 71B)
Class com.google.common.collect.Sets$FilteredSet                                      : loaded 2 times (x 137B)
Class com.google.common.io.Closer                                                     : loaded 2 times (x 78B)
Class com.google.common.collect.RegularImmutableMap$Values                            : loaded 2 times (x 207B)
Class com.google.common.collect.ImmutableSet                                          : loaded 2 times (x 145B)
Class com.google.common.base.CharMatcher$BitSetMatcher                                : loaded 2 times (x 112B)
Class com.google.common.base.CharMatcher$Ascii                                        : loaded 2 times (x 112B)
Class org.gradle.internal.classloader.ClassLoaderSpec                                 : loaded 2 times (x 71B)
Class com.google.common.io.ByteSource$EmptyByteSource                                 : loaded 2 times (x 85B)
Class net.rubygrapefruit.platform.internal.Platform$MacOs32Bit                        : loaded 2 times (x 82B)
Class net.rubygrapefruit.platform.internal.Platform$Linux64Bit                        : loaded 2 times (x 83B)
Class org.objectweb.asm.AnnotationWriter                                              : loaded 2 times (x 79B)
Class com.google.common.cache.CacheStats                                              : loaded 2 times (x 71B)
Class com.google.common.collect.Interners                                             : loaded 2 times (x 71B)
Class com.google.common.collect.ImmutableMultisetGwtSerializationDependencies         : loaded 2 times (x 125B)
Class com.google.common.io.LineProcessor                                              : loaded 2 times (x 70B)
Class com.google.common.io.Closer$Suppressor                                          : loaded 2 times (x 70B)
Class org.objectweb.asm.RecordComponentWriter                                         : loaded 2 times (x 78B)
Class com.google.common.util.concurrent.AbstractFuture$Listener                       : loaded 2 times (x 72B)
Class com.google.common.base.CharMatcher$Or                                           : loaded 2 times (x 112B)
Class Settings_gradle$1$1                                                             : loaded 2 times (x 75B)
Class org.objectweb.asm.Attribute                                                     : loaded 2 times (x 77B)
Class com.google.common.base.Supplier                                                 : loaded 2 times (x 70B)
Class org.gradle.internal.classloader.VisitableURLClassLoader                         : loaded 2 times (x 117B)
Class com.google.common.collect.ImmutableList$SerializedForm                          : loaded 2 times (x 73B)
Class net.rubygrapefruit.platform.internal.FunctionResult$Failure                     : loaded 2 times (x 79B)
Class net.rubygrapefruit.platform.internal.NativeLibraryLoader                        : loaded 2 times (x 73B)
Class com.google.common.util.concurrent.AbstractFuture$Waiter                         : loaded 2 times (x 72B)
Class Settings_gradle                                                                 : loaded 2 times (x 128B)
Class org.gradle.internal.Cast                                                        : loaded 2 times (x 71B)
Class org.gradle.api.Action                                                           : loaded 2 times (x 70B)
Class com.google.common.collect.MapMakerInternalMap                                   : loaded 2 times (x 161B)
Class com.google.common.collect.HashBiMap                                             : loaded 2 times (x 143B)
Class com.google.common.collect.Sets                                                  : loaded 2 times (x 71B)
Class org.objectweb.asm.Handler                                                       : loaded 2 times (x 72B)
Class com.google.common.base.Ticker                                                   : loaded 2 times (x 72B)
Class com.google.common.base.Strings                                                  : loaded 2 times (x 71B)
Class com.google.common.base.CharMatcher$FastMatcher                                  : loaded 2 times (x 111B)
Class com.google.common.cache.RemovalCause$1                                          : loaded 2 times (x 80B)
Class [Lcom.google.common.cache.LocalCache$Segment;                                   : loaded 2 times (x 69B)
Class [Lcom.google.common.cache.LocalCache$Strength;                                  : loaded 2 times (x 69B)
Class com.google.common.cache.CacheBuilder$1                                          : loaded 2 times (x 85B)
Class com.google.common.collect.ImmutableMap                                          : loaded 2 times (x 120B)
Class com.google.common.base.Predicate                                                : loaded 2 times (x 70B)
Class org.gradle.internal.classpath.DefaultClassPath$ImmutableUniqueList$Builder      : loaded 2 times (x 75B)
Class com.google.common.cache.RemovalCause$2                                          : loaded 2 times (x 80B)
Class com.google.common.collect.AbstractRangeSet                                      : loaded 2 times (x 114B)
Class com.google.common.collect.MapMakerInternalMap$WeakValueReference                : loaded 2 times (x 70B)
Class com.google.common.cache.LocalCache                                              : loaded 2 times (x 187B)
Class com.google.common.cache.CacheBuilder$2                                          : loaded 2 times (x 72B)
Class com.google.common.base.CharMatcher$NegatedFastMatcher                           : loaded 2 times (x 113B)
Class com.google.common.cache.RemovalCause$3                                          : loaded 2 times (x 80B)
Class [Lcom.google.common.collect.AbstractMapEntry;                                   : loaded 2 times (x 69B)
Class com.google.common.collect.ImmutableEntry                                        : loaded 2 times (x 82B)
Class com.google.common.collect.ArrayListMultimap                                     : loaded 2 times (x 172B)
Class com.google.common.base.AbstractIterator$1                                       : loaded 2 times (x 71B)
Class com.google.common.base.CharMatcher$Digit                                        : loaded 2 times (x 112B)
Class org.gradle.api.GradleException                                                  : loaded 2 times (x 82B)
Class com.google.common.cache.RemovalCause$4                                          : loaded 2 times (x 80B)
Class com.google.common.base.Suppliers$MemoizingSupplier                              : loaded 2 times (x 79B)
Class org.apache.commons.io.StandardLineSeparator                                     : loaded 2 times (x 79B)
Class com.google.common.collect.CollectPreconditions                                  : loaded 2 times (x 71B)
Class com.google.common.base.CharMatcher$JavaIsoControl                               : loaded 2 times (x 112B)
Class com.google.common.cache.RemovalCause$5                                          : loaded 2 times (x 80B)
Class [Lcom.google.common.collect.MapMakerInternalMap$Strength;                       : loaded 2 times (x 69B)
Class [Lcom.google.common.io.FileWriteMode;                                           : loaded 2 times (x 69B)
Class com.google.common.collect.Maps$AbstractFilteredMap                              : loaded 2 times (x 127B)
Class com.google.common.collect.SortedMapDifference                                   : loaded 2 times (x 70B)
Class com.google.common.base.CharMatcher$JavaLowerCase                                : loaded 2 times (x 111B)
Class com.google.common.cache.LocalCache$HashIterator                                 : loaded 2 times (x 86B)
Class com.google.common.collect.MapMakerInternalMap$StrongKeyDummyValueSegment        : loaded 2 times (x 142B)
Class com.google.common.collect.Iterables$4                                           : loaded 2 times (x 81B)
Class com.google.common.io.Files                                                      : loaded 2 times (x 71B)
Class net.rubygrapefruit.platform.internal.NativeLibraryLocator                       : loaded 2 times (x 73B)
Class net.rubygrapefruit.platform.Process                                             : loaded 2 times (x 70B)
Class com.google.common.cache.LocalCache$EntryFactory                                 : loaded 2 times (x 83B)
Class [Lcom.google.common.collect.MapMaker$Dummy;                                     : loaded 2 times (x 69B)
Class com.google.common.reflect.Types$NativeTypeVariableEquals                        : loaded 2 times (x 71B)
Class com.google.common.reflect.TypeParameter                                         : loaded 2 times (x 72B)
Class com.google.common.collect.Iterables$5                                           : loaded 2 times (x 81B)
Class com.google.common.cache.LocalCache$AbstractReferenceEntry                       : loaded 2 times (x 107B)
Class com.google.common.base.Splitter$1$1                                             : loaded 2 times (x 86B)
Class com.google.common.base.CharMatcher$Whitespace                                   : loaded 2 times (x 112B)
Class ijJvmDebugger1_68f9j0wksi3ydqdgnys6zr116$_run_closure1                          : loaded 2 times (x 139B)
Class org.gradle.internal.IoActions                                                   : loaded 2 times (x 71B)
Class com.google.common.collect.ImmutableMapKeySet                                    : loaded 2 times (x 150B)
Class com.google.common.collect.ImmutableRangeSet$ComplementRanges                    : loaded 2 times (x 207B)
Class org.objectweb.asm.SymbolTable                                                   : loaded 2 times (x 72B)
Class com.google.common.cache.CacheLoader$InvalidCacheLoadException                   : loaded 2 times (x 82B)
Class com.google.common.collect.ImmutableSet$RegularSetBuilderImpl                    : loaded 2 times (x 77B)
Class com.google.common.base.CharMatcher$SingleWidth                                  : loaded 2 times (x 112B)
Class org.gradle.internal.classloader.SystemClassLoaderSpec                           : loaded 2 times (x 71B)
Class com.google.common.collect.FluentIterable                                        : loaded 2 times (x 81B)
Class com.google.common.cache.LocalCache$StrongEntry                                  : loaded 2 times (x 108B)
Class com.google.common.util.concurrent.AbstractFuture$TrustedFuture                  : loaded 2 times (x 114B)
Class com.google.common.cache.LoadingCache                                            : loaded 2 times (x 70B)
Class com.google.common.io.ByteStreams$LimitedInputStream                             : loaded 2 times (x 92B)
Class com.google.common.base.Suppliers$NonSerializableMemoizingSupplier               : loaded 2 times (x 79B)
Class net.rubygrapefruit.platform.ProcessLauncher                                     : loaded 2 times (x 70B)
Class org.objectweb.asm.MethodWriter                                                  : loaded 2 times (x 106B)
Class [Lcom.google.common.cache.Weigher;                                              : loaded 2 times (x 69B)
Class com.google.common.collect.RegularImmutableMap$BucketOverflowException           : loaded 2 times (x 82B)
Class com.google.common.collect.ImmutableMultimap$1                                   : loaded 2 times (x 82B)
Class com.google.common.collect.AbstractMapBasedMultimap$RandomAccessWrappedList      : loaded 2 times (x 205B)
Class com.google.common.collect.ImmutableMultimap$2                                   : loaded 2 times (x 81B)
Class com.google.common.reflect.Types$JavaVersion$1                                   : loaded 2 times (x 83B)
Class com.google.common.collect.AbstractIterator$State                                : loaded 2 times (x 79B)
Class com.google.common.collect.RegularImmutableBiMap                                 : loaded 2 times (x 148B)
Class com.google.common.cache.LocalCache$ValueReference                               : loaded 2 times (x 70B)
Class com.google.common.base.CharMatcher$Negated                                      : loaded 2 times (x 113B)
Class com.google.common.base.CharMatcher$Is                                           : loaded 2 times (x 111B)
Class com.google.common.reflect.Types$JavaVersion$2                                   : loaded 2 times (x 83B)
Class com.google.common.reflect.Types                                                 : loaded 2 times (x 71B)
Class com.google.common.hash.PrimitiveSink                                            : loaded 2 times (x 70B)
Class com.google.common.util.concurrent.AbstractFuture$Failure                        : loaded 2 times (x 72B)
Class com.google.common.base.Equivalence$Equals                                       : loaded 2 times (x 82B)
Class com.google.common.collect.Hashing                                               : loaded 2 times (x 71B)
Class com.google.common.base.PatternCompiler                                          : loaded 2 times (x 70B)
Class com.google.common.base.Preconditions                                            : loaded 2 times (x 71B)
Class [Lorg.apache.commons.io.file.DeleteOption;                                      : loaded 2 times (x 69B)
Class com.google.common.io.CharSink                                                   : loaded 2 times (x 79B)
Class com.google.common.reflect.Types$JavaVersion$3                                   : loaded 2 times (x 83B)
Class com.google.common.base.Joiner$1                                                 : loaded 2 times (x 80B)
Class org.objectweb.asm.Label                                                         : loaded 2 times (x 73B)
Class org.objectweb.asm.CurrentFrame                                                  : loaded 2 times (x 73B)
Class org.objectweb.asm.ClassTooLargeException                                        : loaded 2 times (x 83B)
Class com.google.common.collect.PeekingIterator                                       : loaded 2 times (x 70B)
Class com.google.common.base.CharMatcher                                              : loaded 2 times (x 111B)
Class com.google.common.collect.RangeGwtSerializationDependencies                     : loaded 2 times (x 71B)
Class com.google.common.collect.Table                                                 : loaded 2 times (x 70B)
Class com.google.common.collect.MapMakerInternalMap$InternalEntryHelper               : loaded 2 times (x 70B)
Class com.google.common.io.ByteSource$AsCharSource                                    : loaded 2 times (x 86B)
Class com.google.common.reflect.Types$JavaVersion$4                                   : loaded 2 times (x 83B)
Class com.google.common.collect.Maps$IteratorBasedAbstractMap                         : loaded 2 times (x 125B)
Class com.google.common.base.Joiner$2                                                 : loaded 2 times (x 79B)
Class org.objectweb.asm.Frame                                                         : loaded 2 times (x 73B)
Class org.objectweb.asm.MethodVisitor                                                 : loaded 2 times (x 105B)
Class com.google.common.cache.LocalCache$EntryFactory$1                               : loaded 2 times (x 83B)
Class [Lcom.google.common.cache.RemovalListener;                                      : loaded 2 times (x 69B)
Class com.google.common.base.CharMatcher$1                                            : loaded 2 times (x 113B)
Class com.google.common.base.CharMatcher$NamedFastMatcher                             : loaded 2 times (x 112B)
Class com.google.common.collect.RangeSet                                              : loaded 2 times (x 70B)
Class com.google.common.reflect.Types$JavaVersion$5                                   : loaded 2 times (x 71B)
Class [Lcom.google.common.reflect.Types$ClassOwnership;                               : loaded 2 times (x 69B)
Class com.google.common.cache.LocalCache$EntryFactory$2                               : loaded 2 times (x 83B)
Class org.gradle.api.internal.classpath.GlobalCacheRootsProvider                      : loaded 2 times (x 70B)
Class com.google.common.collect.Multimaps                                             : loaded 2 times (x 71B)
Class com.google.common.collect.CollectCollectors                                     : loaded 2 times (x 71B)
Class org.objectweb.asm.ModuleWriter                                                  : loaded 2 times (x 82B)
Class com.google.common.cache.LocalCache$EntryFactory$3                               : loaded 2 times (x 83B)
Class com.google.common.base.Ticker$1                                                 : loaded 2 times (x 72B)
Class com.google.common.collect.ImmutableMapEntrySet$RegularEntrySet                  : loaded 2 times (x 151B)
Class com.google.common.collect.Maps$BiMapConverter                                   : loaded 2 times (x 90B)
Class ijJvmDebugger1_68f9j0wksi3ydqdgnys6zr116$_run_closure1$_closure2                : loaded 2 times (x 140B)
Class com.google.common.collect.SetMultimap                                           : loaded 2 times (x 70B)
Class com.google.common.collect.CollectSpliterators$1                                 : loaded 2 times (x 90B)
Class net.rubygrapefruit.platform.internal.Platform$MacOs                             : loaded 2 times (x 82B)
Class net.rubygrapefruit.platform.internal.Platform$Window64Bit                       : loaded 2 times (x 79B)
Class com.google.common.cache.LocalCache$EntryFactory$4                               : loaded 2 times (x 83B)
Class com.google.common.collect.ImmutableSet$Builder                                  : loaded 2 times (x 85B)
Class com.google.common.base.CharMatcher$InRange                                      : loaded 2 times (x 111B)
Class com.google.common.io.ByteStreams$1                                              : loaded 2 times (x 85B)
Class com.google.common.cache.LocalCache$EntryFactory$5                               : loaded 2 times (x 83B)
Class com.google.common.io.LineReader                                                 : loaded 2 times (x 72B)
Class org.apache.commons.io.output.AppendableWriter                                   : loaded 2 times (x 100B)
Class com.google.common.cache.LocalCache$EntryFactory$6                               : loaded 2 times (x 83B)
Class org.gradle.internal.installation.CurrentGradleInstallationLocator               : loaded 2 times (x 71B)
Class com.google.common.collect.ImmutableMultimap$Builder                             : loaded 2 times (x 83B)
Class com.google.common.io.ByteSource$SlicedByteSource                                : loaded 2 times (x 85B)
Class org.apache.commons.io.output.ThresholdingOutputStream                           : loaded 2 times (x 94B)
Class com.google.common.collect.Maps$KeySet                                           : loaded 2 times (x 137B)
Class com.google.common.cache.LocalCache$EntryFactory$7                               : loaded 2 times (x 83B)
Class com.google.common.collect.ImmutableSet$EmptySetBuilderImpl                      : loaded 2 times (x 76B)
Class com.google.common.collect.ImmutableList                                         : loaded 2 times (x 206B)
Class org.gradle.internal.service.DefaultServiceLocator                               : loaded 2 times (x 83B)
Class com.google.common.collect.ImmutableMultimap$EntryCollection                     : loaded 2 times (x 127B)
Class com.google.common.collect.Maps$EntrySet                                         : loaded 2 times (x 136B)
Class com.google.common.cache.LocalCache$EntryFactory$8                               : loaded 2 times (x 83B)
Class com.google.common.collect.ImmutableSet$SetBuilderImpl                           : loaded 2 times (x 76B)
Class org.gradle.internal.installation.CurrentGradleInstallation                      : loaded 2 times (x 73B)
Class com.google.common.cache.CacheLoader$1                                           : loaded 2 times (x 75B)
Class com.google.common.collect.ForwardingObject                                      : loaded 2 times (x 72B)
Class com.google.common.collect.ImmutableList$SubList                                 : loaded 2 times (x 208B)
Class org.gradle.util.internal.GUtil                                                  : loaded 2 times (x 71B)
Class com.google.common.io.ByteSource                                                 : loaded 2 times (x 84B)
Class com.google.common.util.concurrent.AbstractFuture$SetFuture                      : loaded 2 times (x 75B)
Class com.google.common.cache.AbstractCache$StatsCounter                              : loaded 2 times (x 70B)
Class com.google.common.collect.MapMakerInternalMap$1                                 : loaded 2 times (x 83B)
Class com.google.common.io.LineBuffer                                                 : loaded 2 times (x 75B)
Class com.google.common.reflect.Types$TypeVariableImpl                                : loaded 2 times (x 72B)
Class com.google.common.collect.Iterators$MergingIterator                             : loaded 2 times (x 81B)
Class com.google.common.collect.RegularImmutableSet                                   : loaded 2 times (x 148B)
Class org.gradle.internal.installation.GradleInstallation                             : loaded 2 times (x 75B)
Class com.google.common.collect.Iterables                                             : loaded 2 times (x 71B)
Class com.google.common.base.Splitter$Strategy                                        : loaded 2 times (x 70B)
Class com.google.common.collect.Lists$RandomAccessReverseList                         : loaded 2 times (x 200B)

---------------  S Y S T E M  ---------------

OS:
 Windows 11 , 64 bit Build 26100 (10.0.26100.7309)
OS uptime: 3 days 23:20 hours
Hyper-V role detected

CPU: total 14 (initial active 14) (7 cores per cpu, 2 threads per core) family 6 model 170 stepping 4 microcode 0x20, cx8, cmov, fxsr, ht, mmx, 3dnowpref, sse, sse2, sse3, ssse3, sse4.1, sse4.2, popcnt, lzcnt, tsc, tscinvbit, avx, avx2, aes, erms, clmul, bmi1, bmi2, adx, sha, fma, vzeroupper, clflush, clflushopt, clwb, hv, serialize, rdtscp, rdpid, fsrm, f16c, cet_ibt, cet_ss
Processor Information for processor 0
  Max Mhz: 1700, Current Mhz: 1700, Mhz Limit: 1700
Processor Information for processor 1
  Max Mhz: 1700, Current Mhz: 1700, Mhz Limit: 1700
Processor Information for processor 2
  Max Mhz: 1200, Current Mhz: 1200, Mhz Limit: 1200
Processor Information for processor 3
  Max Mhz: 1200, Current Mhz: 1200, Mhz Limit: 1200
Processor Information for processor 4
  Max Mhz: 1200, Current Mhz: 1200, Mhz Limit: 1200
Processor Information for processor 5
  Max Mhz: 1200, Current Mhz: 1200, Mhz Limit: 1200
Processor Information for processor 6
  Max Mhz: 1200, Current Mhz: 1200, Mhz Limit: 1200
Processor Information for processor 7
  Max Mhz: 1200, Current Mhz: 1200, Mhz Limit: 1200
Processor Information for processor 8
  Max Mhz: 1200, Current Mhz: 1200, Mhz Limit: 1200
Processor Information for processor 9
  Max Mhz: 1200, Current Mhz: 1200, Mhz Limit: 1200
Processor Information for processor 10
  Max Mhz: 1700, Current Mhz: 1700, Mhz Limit: 1700
Processor Information for processor 11
  Max Mhz: 1700, Current Mhz: 1700, Mhz Limit: 1700
Processor Information for processor 12
  Max Mhz: 700, Current Mhz: 700, Mhz Limit: 700
Processor Information for processor 13
  Max Mhz: 700, Current Mhz: 700, Mhz Limit: 700

Memory: 4k page, system-wide physical 32220M (5139M free)
TotalPageFile size 36316M (AvailPageFile size 80M)
current process WorkingSet (physical memory assigned to process): 3429M, peak: 3429M
current process commit charge ("private bytes"): 3501M, peak: 3509M

vm_info: OpenJDK 64-Bit Server VM (21.0.8+-14018985-b1038.68) for windows-amd64 JRE (21.0.8+-14018985-b1038.68), built on 2025-08-29T19:56:34Z by "builder" with MS VC++ 16.10 / 16.11 (VS2019)

END.
